station_id,oaq_id,station_name,city,repository_years_listed,first_listed_year,last_listed_year,pm25_usable_years,pm25_first_usable_year,pm25_last_usable_year,pm25_total_days,pm10_usable_years,pm10_first_usable_year,pm10_last_usable_year,pm10_total_days
site_114,114,"IHBAS, Dilshad Garden, Delhi - CPCB",New Delhi,17,2009,2025,15,2011,2025,4712,6,2020,2025,1974
site_117,117,"ITO, Delhi - CPCB",New Delhi,17,2009,2025,17,2009,2025,4678,10,2016,2025,2949
site_124,124,"R K Puram, Delhi - DPCC",New Delhi,17,2009,2025,14,2011,2025,4299,12,2013,2025,3809
site_122,122,"Mandir Marg, Delhi - DPCC",New Delhi,17,2009,2025,14,2011,2025,4256,11,2015,2025,3778
site_125,125,"Punjabi Bagh, Delhi - DPCC",Delhi,17,2009,2025,14,2011,2025,4156,11,2015,2025,3618
site_273,273,"Ardhali Bazar, Varanasi - UPPCB",Varanasi,17,2009,2025,13,2013,2025,4066,13,2013,2025,3721
site_276,276,"Nehru Nagar, Kanpur - UPPCB",Kanpur,17,2009,2025,11,2015,2025,3819,8,2013,2025,1879
site_113,113,"Shadipur, Delhi - CPCB",New Delhi,17,2009,2025,11,2015,2025,3810,6,2020,2025,1997
site_301,301,"Anand Vihar, Delhi - DPCC",Delhi,17,2009,2025,13,2012,2025,3788,11,2015,2025,3540
site_288,288,"Velachery Res. Area, Chennai - CPCB",Chennai,17,2009,2025,11,2015,2025,3765,5,2021,2025,1661
site_306,306,"Manali, Chennai - CPCB",manali,17,2009,2025,11,2015,2025,3732,5,2021,2025,1658
site_277,277,"Lalbagh, Lucknow - CPCB",Lucknow,17,2009,2025,11,2015,2025,3717,6,2020,2025,1994
site_294,294,"Sanathnagar, Hyderabad - TSPCB",Hyderabad,17,2009,2025,11,2015,2025,3711,0,,,0
site_272,272,"Kendriya Vidyalaya, Lucknow - CPCB",Lucknow,17,2009,2025,11,2015,2025,3711,6,2020,2025,1985
site_115,115,"NSIT Dwarka, Delhi - CPCB",New Delhi,17,2009,2025,11,2015,2025,3564,6,2020,2025,1999
site_307,307,"Sanjay Palace, Agra - UPPCB",Agra,10,2016,2025,10,2016,2025,3555,5,2021,2025,1572
site_293,293,"Alandur Bus Depot, Chennai - CPCB",Arul Nagar,17,2009,2025,11,2015,2025,3552,6,2020,2025,1639
site_308,308,"Maninagar, Ahmedabad - GPCB",Ahmedabad,17,2009,2025,11,2015,2025,3503,7,2019,2025,2367
site_297,297,"Talkatora District Industries Center, Lucknow - CPCB",Lucknow,17,2009,2025,11,2015,2025,3480,6,2020,2025,1997
site_163,163,"Peenya, Bengaluru - CPCB",Bengaluru,17,2009,2025,11,2015,2025,3474,7,2017,2025,1607
site_298,298,"Zoo Park, Hyderabad - TSPCB",Hyderabad,11,2015,2025,11,2015,2025,3472,11,2015,2025,3403
site_158,158,"Muzaffarpur Collectorate, Muzaffarpur - BSPCB",Muzaffarpur,11,2015,2025,11,2015,2025,3463,0,,,0
site_162,162,"BTM Layout, Bengaluru - CPCB",Bengaluru,17,2009,2025,11,2015,2025,3354,6,2020,2025,1700
site_157,157,"IGSC Planetarium Complex, Patna - BSPCB",Patna,11,2015,2025,11,2015,2025,3349,0,,,0
site_303,303,"Opp GPO Civil Lines, Nagpur - MPCB",Nagpur,10,2016,2025,10,2016,2025,3338,10,2016,2025,3322
site_304,304,"Gangapur Road, Nashik - MPCB",Nashik,10,2016,2025,10,2016,2025,3287,10,2016,2025,3285
site_159,159,"Collectorate, Gaya - BSPCB",Gaya,11,2015,2025,10,2016,2025,3252,0,,,0
site_118,118,"DTU, Delhi - CPCB",New Delhi,17,2009,2025,11,2015,2025,3240,9,2015,2025,2785
site_136,136,"Collectorate, Jodhpur - RSPCB",Jodhpur,11,2015,2025,11,2015,2025,3232,11,2015,2025,3211
site_260,260,"GVM Corporation, Visakhapatnam - APPCB",Visakhapatnam,10,2016,2025,10,2016,2025,3210,10,2016,2025,3210
site_263,263,"Sector- 16A, Faridabad - HSPCB",Faridabad,17,2009,2025,10,2015,2024,3206,0,,,0
site_119,119,"Sirifort, Delhi - CPCB",New Delhi,17,2009,2025,10,2016,2025,3156,8,2018,2025,2778
site_251,251,"ICRISAT Patancheru, Hyderabad - TSPCB",Patancheruvu,9,2017,2025,9,2017,2025,3155,9,2017,2025,3166
site_199,199,"Bollaram Industrial Area, Hyderabad - TSPCB",Hyderabad,9,2017,2025,9,2017,2025,3144,9,2017,2025,3143
site_144,144,"Vasundhara, Ghaziabad - UPPCB",Ghaziabad,9,2017,2025,9,2017,2025,3143,9,2017,2025,3086
site_302,302,"Solapur, Solapur - MPCB",Solapur,10,2016,2025,10,2016,2025,3091,10,2016,2025,3148
site_256,256,"Golden Temple, Amritsar - PPCB",Amritsar,9,2017,2025,9,2017,2025,3088,9,2017,2025,3120
site_253,253,"Punjab Agricultural University, Ludhiana - PPCB",Ludhiana,9,2017,2025,9,2017,2025,3082,9,2017,2025,3048
site_255,255,"RIMT University, Mandi Gobindgarh - PPCB",Fatehgarh Sahib,9,2017,2025,9,2017,2025,3080,9,2017,2025,3055
site_275,275,"IDA Pashamylaram, Hyderabad - TSPCB",Hyderabad,10,2016,2025,10,2016,2025,3075,10,2016,2025,3074
site_134,134,"Police Commissionerate, Jaipur - RSPCB",Jaipur,9,2017,2025,9,2017,2025,3053,9,2017,2025,3005
site_262,262,"Central University, Hyderabad - TSPCB",Hyderabad,9,2017,2025,9,2017,2025,3042,9,2017,2025,3030
site_252,252,"Plammoodu, Thiruvananthapuram - Kerala PCB",Thiruvananthapuram,9,2017,2025,9,2017,2025,3014,9,2017,2025,3010
site_153,153,"Sector - 125, Noida - UPPCB",Noida,9,2017,2025,9,2017,2025,3011,9,2017,2025,3024
site_1399,1399,"Anand Kala Kshetram, Rajamahendravaram - APPCB",Vemuluru,9,2017,2025,9,2017,2025,2997,9,2017,2025,3006
site_108,108,"Aya Nagar, Delhi - IITM",Gurugram,9,2017,2025,9,2017,2025,2969,9,2017,2025,2961
site_1393,1393,"Adarsh Nagar, Jaipur - RSPCB",Jaipur,9,2017,2025,9,2017,2025,2969,9,2017,2025,2969
site_1396,1396,"Shastri Nagar, Jaipur - RSPCB",Jaipur,9,2017,2025,9,2017,2025,2960,9,2017,2025,2960
site_292,292,"Karve Road, Pune - MPCB",Pune,11,2015,2025,11,2015,2025,2958,11,2015,2025,2903
site_1397,1397,"Ashok Nagar, Udaipur - RSPCB",Kodiyat,9,2017,2025,9,2017,2025,2949,9,2017,2025,2948
site_1402,1402,"Sector-2 Industrial Area, Pithampur - MPPCB",Pithampur,9,2017,2025,9,2017,2025,2945,9,2017,2025,2943
site_1392,1392,"Civil Lines,  Ajmer - RSPCB",Ajmer,9,2017,2025,9,2017,2025,2942,9,2017,2025,2945
site_1394,1394,"Shrinath Puram, Kota - RSPCB",Kota,9,2017,2025,9,2017,2025,2938,9,2017,2025,2939
site_103,103,"CRRI Mathura Road, Delhi - IITM",New Delhi,9,2017,2025,9,2017,2025,2937,9,2017,2025,2877
site_1401,1401,"Suryakiran Bhawan NCL, Singrauli - MPPCB",Jayant,9,2017,2025,9,2017,2025,2925,9,2017,2025,2879
site_1390,1390,"Moti Doongri, Alwar - RSPCB",Alwar,9,2017,2025,9,2017,2025,2924,9,2017,2025,2915
site_1391,1391,"RIICO Ind. Area III, Bhiwadi - RSPCB",Bhiwadi,9,2017,2025,9,2017,2025,2921,9,2017,2025,2923
site_109,109,"IMD Lodhi Road, Delhi - IITM",New Delhi,9,2017,2025,9,2017,2025,2917,9,2017,2025,2916
site_1404,1404,"Bhopal Chauraha, Dewas - MPPCB",Dewas,9,2017,2025,9,2017,2025,2903,9,2017,2025,2932
site_1395,1395,"Indira Colony Vistar, Pali - RSPCB",Pali,9,2017,2025,9,2017,2025,2896,9,2017,2025,2945
site_147,147,"MD University, Rohtak - HSPCB",Sasroli,10,2016,2025,10,2016,2025,2892,4,2016,2025,294
site_1438,1438,"Civil Line, Jalandhar - PPCB",Jalandhar,9,2017,2025,8,2018,2025,2884,8,2018,2025,2885
site_105,105,"North Campus, DU, Delhi - IITM",New Delhi,9,2017,2025,9,2017,2025,2883,9,2017,2025,2865
site_1428,1428,"Okhla Phase-2, Delhi - DPCC",New Delhi,9,2017,2025,8,2018,2025,2882,8,2018,2025,2870
site_111,111,"Sector - 62, Noida - IITM",Noida,9,2017,2025,9,2017,2025,2882,9,2017,2025,2913
site_1437,1437,"Model Town, Patiala - PPCB",Patiala,9,2017,2025,8,2018,2025,2882,8,2018,2025,2882
site_1425,1425,"Major Dhyan Chand National Stadium, Delhi - DPCC",New Delhi,9,2017,2025,8,2018,2025,2879,8,2018,2025,2871
site_1406,1406,"Secretariat, Amaravati - APPCB",Velgapudi,9,2017,2025,9,2017,2025,2878,9,2017,2025,2885
site_1434,1434,"Wazirpur, Delhi - DPCC",Delhi,9,2017,2025,8,2018,2025,2877,8,2018,2025,2789
site_1423,1423,"Jahangirpuri, Delhi - DPCC",Delhi,9,2017,2025,8,2018,2025,2873,8,2018,2025,2868
site_1403,1403,"Sector-D Industrial Area, Mandideep - MPPCB",Bhopal,9,2017,2025,8,2018,2025,2871,8,2018,2025,2876
site_1429,1429,"Nehru Nagar, Delhi - DPCC",New Delhi,9,2017,2025,8,2018,2025,2871,8,2018,2025,2873
site_1416,1416,"Padmapukur, Howrah - WBPCB",Howrah,9,2017,2025,8,2018,2025,2867,8,2018,2025,2864
site_1432,1432,"Sonia Vihar, Delhi - DPCC",New Delhi,9,2017,2025,8,2018,2025,2867,8,2018,2025,2859
site_1431,1431,"Patparganj, Delhi - DPCC",Delhi,9,2017,2025,8,2018,2025,2864,8,2018,2025,2848
site_1426,1426,"Narela, Delhi - DPCC",Delhi,9,2017,2025,8,2018,2025,2863,8,2018,2025,2864
site_1430,1430,"Rohini, Delhi - DPCC",Delhi,9,2017,2025,8,2018,2025,2863,8,2018,2025,2876
site_1424,1424,"Jawaharlal Nehru Stadium, Delhi - DPCC",New Delhi,9,2017,2025,8,2018,2025,2862,8,2018,2025,2827
site_1435,1435,"Vivek Vihar, Delhi - DPCC",New Delhi,9,2017,2025,8,2018,2025,2862,8,2018,2025,2867
site_1427,1427,"Najafgarh, Delhi - DPCC",Delhi,9,2017,2025,8,2018,2025,2861,8,2018,2025,2848
site_1419,1419,"Ward-32 Bapupara, Siliguri - WBPCB",Siliguri,9,2017,2025,8,2018,2025,2856,8,2018,2025,2845
site_1420,1420,"Ashok Vihar, Delhi - DPCC",Delhi,9,2017,2025,8,2018,2025,2848,8,2018,2025,2848
site_1421,1421,"Dr. Karni Singh Shooting Range, Delhi - DPCC",New Delhi,9,2017,2025,8,2018,2025,2839,8,2018,2025,2878
site_107,107,"Pusa, Delhi - IITM",New Delhi,9,2017,2025,9,2017,2025,2834,9,2017,2025,2828
site_1418,1418,"Asansol Court Area, Asansol - WBPCB",Asansol,9,2017,2025,8,2018,2025,2827,8,2018,2025,2840
site_106,106,"IGI Airport (T3), Delhi - IITM",New Delhi,9,2017,2025,9,2017,2025,2821,9,2017,2025,2818
site_1433,1433,"Bandhavgar Colony, Satna - Birla Cement",Satna,9,2017,2025,8,2018,2025,2821,8,2018,2025,2832
site_1450,1450,"Kalal Majra, Khanna - PPCB",Machhiwara Sahib,9,2017,2025,8,2018,2025,2810,8,2018,2025,2811
site_146,146,"Vikas Sadan, Gurugram - HSPCB",Gurugram,9,2017,2025,9,2017,2025,2805,2,2024,2025,118
site_295,295,"MIDC Khutala, Chandrapur - MPCB",Chichala,10,2016,2025,10,2016,2025,2758,10,2016,2025,2868
site_274,274,"Ghusuri, Howrah - WBPCB",Howrah,10,2016,2025,8,2018,2025,2757,10,2016,2025,3212
site_1542,1542,"Yamunapuram, Bulandshahr - UPPCB",Bulandshahr,9,2017,2025,8,2018,2025,2748,8,2018,2025,2682
site_309,309,"Victoria, Kolkata - WBPCB",Kolkata,10,2016,2025,8,2018,2025,2747,10,2016,2025,3165
site_1562,1562,"Sri Aurobindo Marg, Delhi - DPCC",New Delhi,9,2017,2025,8,2018,2025,2730,8,2018,2025,2728
site_1561,1561,"Mundka, Delhi - DPCC",New Delhi,9,2017,2025,8,2018,2025,2723,8,2018,2025,2716
site_1560,1560,"Bawana, Delhi - DPCC",Delhi,9,2017,2025,8,2018,2025,2719,8,2018,2025,2691
site_1549,1549,"Hardev Nagar, Bathinda - PPCB",Bathinda,9,2017,2025,8,2018,2025,2704,8,2018,2025,2679
site_1563,1563,"Pusa, Delhi - DPCC",Delhi,9,2017,2025,8,2018,2025,2702,8,2018,2025,2703
site_1541,1541,"Knowledge Park - III, Greater Noida - UPPCB",Noida,9,2017,2025,8,2018,2025,2682,8,2018,2025,2673
site_1408,1408,"Talcher Coalfields,Talcher - OSPCB",Talcher,9,2017,2025,8,2018,2025,2660,8,2018,2025,2690
site_1555,1555,"Hombegowda Nagar, Bengaluru - KSPCB",Bengaluru,9,2017,2025,8,2018,2025,2658,8,2018,2025,2653
site_1558,1558,"Silk Board, Bengaluru - KSPCB",Bengaluru,9,2017,2025,8,2018,2025,2649,8,2018,2025,2648
site_1400,1400,"Mahakaleshwar Temple, Ujjain - MPPCB",Ujjain,9,2017,2025,9,2017,2025,2637,9,2017,2025,2665
site_1554,1554,"Hebbal, Bengaluru - KSPCB",Bengaluru,9,2017,2025,8,2018,2025,2625,8,2018,2025,2620
site_1556,1556,"Jayanagar 5th Block, Bengaluru - KSPCB",Bengaluru,9,2017,2025,8,2018,2025,2612,8,2018,2025,2611
site_5024,5024,"Alipur, Delhi - DPCC",Delhi,9,2017,2025,8,2018,2025,2582,8,2018,2025,2584
site_1557,1557,"Chikkaballapur Rural, Chikkaballapur - KSPCB",Chikkaballapur,9,2017,2025,8,2018,2025,2579,8,2018,2025,2584
site_1553,1553,"Bapuji Nagar, Bengaluru - KSPCB",Bengaluru,9,2017,2025,8,2018,2025,2576,8,2018,2025,2590
site_296,296,"Rabindra Bharati University, Kolkata - WBPCB",Kolkata,10,2016,2025,9,2016,2025,2556,10,2016,2025,2904
site_1550,1550,"New Mandi, Muzaffarnagar - UPPCB",Muzaffarnagar,9,2017,2025,8,2018,2025,2542,8,2018,2025,2551
site_5023,5023,"Anand Vihar, Hapur - UPPCB",Hapur,9,2017,2025,8,2018,2025,2496,8,2018,2025,2470
site_5025,5025,"NISE Gwal Pahari, Gurugram - IITM",Gurugram,9,2017,2025,9,2017,2025,2474,9,2017,2025,2474
site_5081,5081,"Sanjay Nagar, Ghaziabad - UPPCB",Ghaziabad,9,2017,2025,7,2019,2025,2466,7,2019,2025,2475
site_5082,5082,"Indirapuram, Ghaziabad - UPPCB",Ghaziabad,9,2017,2025,7,2019,2025,2464,7,2019,2025,2465
site_5067,5067,"Phase-4 GIDC, Vatva - GPCB",Ahmedabad,9,2017,2025,7,2019,2025,2463,7,2019,2025,2479
site_1410,1410,"GM Office, Brajrajnagar - OSPCB",Kudaloi,9,2017,2025,9,2017,2025,2462,9,2017,2025,2599
site_5066,5066,"Sector-10, Gandhinagar - GPCB",Gandhinagar,9,2017,2025,7,2019,2025,2460,7,2019,2025,2442
site_164,164,"BWSSB Kadabesanahalli, Bengaluru - CPCB",Bengaluru,16,2009,2025,9,2015,2025,2456,4,2020,2025,637
site_5083,5083,"Loni, Ghaziabad - UPPCB",Ghaziabad,9,2017,2025,7,2019,2025,2446,7,2019,2025,2453
site_5042,5042,"Shasthri Nagar, Ratlam - IPCA Lab",Ratlam,9,2017,2025,8,2018,2025,2433,8,2018,2025,2452
site_5101,5101,"Belur Math, Howrah - WBPCB",Howrah,9,2017,2025,7,2019,2025,2407,7,2019,2025,2405
site_5111,5111,"Jadavpur, Kolkata - WBPCB",Kolkata,9,2017,2025,7,2019,2025,2395,7,2019,2025,2395
site_5121,5121,"Knowledge Park - V, Greater Noida - UPPCB",Greater Noida,9,2017,2025,7,2019,2025,2377,7,2019,2025,2380
site_5073,5073,"Railway Colony, Guwahati - PCBA",Guwahati,9,2017,2025,7,2019,2025,2377,7,2019,2025,2449
site_1538,1538,"Ratanpura, Rupnagar - Ambuja Cements",Ratanpura,9,2017,2025,8,2018,2025,2376,8,2018,2025,2606
site_5065,5065,"GIDC, Ankleshwar - GPCB",Ankleshwar,9,2017,2025,7,2019,2025,2372,7,2019,2025,2387
site_5123,5123,"Sector-1, Noida - UPPCB",Noida,9,2017,2025,7,2019,2025,2355,7,2019,2025,2334
site_5122,5122,"Sector-116, Noida - UPPCB",Noida,9,2017,2025,7,2019,2025,2323,7,2019,2025,2342
site_5128,5128,"Gomti Nagar, Lucknow - UPPCB",Ext,9,2017,2025,7,2019,2025,2308,5,2021,2025,1580
site_5040,5040,"Shrivastav Colony, Damoh - MPPCB",Damoh,9,2017,2025,8,2018,2025,2302,8,2018,2025,2266
site_5051,5051,"F-Block, Sirsa - HSPCB",Sirsa,9,2017,2025,7,2019,2025,2297,7,2019,2025,2287
site_5129,5129,"Bidhannagar, Kolkata - WBPCB",Kolkata,9,2017,2025,7,2019,2025,2292,7,2019,2025,2292
site_5104,5104,"Kurla, Mumbai - MPCB",Mumbai,9,2017,2025,7,2019,2025,2291,7,2019,2025,2311
site_5126,5126,"Rabindra Sarobar, Kolkata - WBPCB",Kolkata,9,2017,2025,7,2019,2025,2290,7,2019,2025,2310
site_5107,5107,"Chhatrapati Shivaji Intl. Airport (T2), Mumbai - MPCB",Mumbai,9,2017,2025,7,2019,2025,2287,7,2019,2025,2324
site_168,168,"Bandra, Mumbai - MPCB",Mumbai,11,2015,2025,7,2015,2021,2285,7,2015,2021,2151
site_5249,5249,"Marhatal, Jabalpur - MPPCB",Jabalpur,9,2017,2025,7,2019,2025,2283,7,2019,2025,2283
site_5071,5071,"Phase-1 GIDC, Vapi - GPCB",Vapi,9,2017,2025,7,2019,2025,2282,7,2019,2025,2185
site_5039,5039,"Sector-2 IMT, Manesar - HSPCB",Gurugram,9,2017,2025,8,2018,2025,2281,8,2018,2025,2274
site_5112,5112,"Powai, Mumbai - MPCB",Mumbai,9,2017,2025,7,2019,2025,2281,7,2019,2025,2283
site_5125,5125,"Hebbal 1st Stage, Mysuru - KSPCB",KarimuddanaHalli,9,2017,2025,7,2019,2025,2280,7,2019,2025,2279
site_5247,5247,"T T Nagar, Bhopal - MPPCB",Bhopal,9,2017,2025,7,2019,2025,2278,7,2019,2025,2281
site_5127,5127,"Sector-25, Chandigarh - CPCC",Chandigarh,9,2017,2025,7,2019,2025,2278,7,2019,2025,2317
site_5119,5119,"Sion, Mumbai - MPCB",Mumbai,9,2017,2025,7,2019,2025,2276,7,2019,2025,2272
site_5114,5114,"Mahape, Navi Mumbai - MPCB",Navi Mumbai,9,2017,2025,7,2019,2025,2271,7,2019,2025,2277
site_5056,5056,"Police Lines, Jind - HSPCB",Jind,9,2017,2025,7,2019,2025,2263,7,2019,2025,2266
site_5043,5043,"Sector-7, Kurukshetra - HSPCB",Kurukshetra,9,2017,2025,7,2019,2025,2262,7,2019,2025,2262
site_5248,5248,"Chhoti Gwaltoli, Indore - MPPCB",Mewasjamniya,9,2017,2025,7,2019,2025,2261,7,2019,2025,2286
site_5049,5049,"Sector-12, Karnal - HSPCB",Karnal,9,2017,2025,7,2019,2025,2260,7,2019,2025,2258
site_5250,5250,"Gole Bazar, Katni - MPPCB",Diwari,9,2017,2025,7,2019,2025,2259,7,2019,2025,2243
site_5118,5118,"Khadakpada, Kalyan - MPCB",Kalyan,9,2017,2025,7,2019,2025,2247,7,2019,2025,2206
site_5045,5045,"Arya Nagar, Bahadurgarh - HSPCB",Bahadurgarh,9,2017,2025,7,2019,2025,2245,7,2019,2025,2279
site_5047,5047,"H.B. Colony, Bhiwani - HSPCB",Bhiwani,9,2017,2025,7,2019,2025,2244,7,2019,2025,2229
site_5050,5050,"Shyam Nagar, Palwal - HSPCB",Palwal,9,2017,2025,7,2019,2025,2244,7,2019,2025,2244
site_5044,5044,"Municipal Corporation Office, Dharuhera -  HSPCB",Dharuhera,9,2017,2025,7,2019,2025,2239,7,2019,2025,2227
site_5052,5052,"Patti Mehar, Ambala - HSPCB",Ambala,9,2017,2025,7,2019,2025,2233,7,2019,2025,2168
site_5113,5113,"Borivali East, Mumbai - MPCB",Mumbai,9,2017,2025,7,2019,2025,2232,7,2019,2025,2192
site_5060,5060,"Nathu Colony, Ballabgarh - HSPCB",Faridabad,9,2017,2025,7,2019,2025,2230,7,2019,2025,2231
site_5072,5072,"Rishi Nagar, Kaithal - HSPCB",Kaithal,9,2017,2025,7,2019,2025,2228,7,2019,2025,2230
site_5238,5238,"Ballygunge, Kolkata - WBPCB",Kolkata,9,2017,2025,7,2019,2025,2227,7,2019,2025,2237
site_5057,5057,"Urban Estate-II, Hisar - HSPCB",Hisar,9,2017,2025,7,2019,2025,2215,7,2019,2025,2213
site_5110,5110,"Fort William, Kolkata - WBPCB",Kolkata,9,2017,2025,7,2019,2025,2207,7,2019,2025,2256
site_5046,5046,"Gobind Pura, Yamuna Nagar - HSPCB",Yamuna Nagar,9,2017,2025,7,2019,2025,2205,7,2019,2025,2209
site_5258,5258,"Ganga Nagar, Meerut - UPPCB",Meerut,9,2017,2025,7,2019,2025,2187,7,2019,2025,2252
site_5255,5255,"Vijay Nagar, Ramanagara - KSPCB",Hallimala,9,2017,2025,7,2019,2025,2181,7,2019,2025,2180
site_5257,5257,"Pallavpuram Phase 2, Meerut - UPPCB",Meerut,9,2017,2025,7,2019,2025,2175,7,2019,2025,2206
site_5053,5053,"Shastri Nagar, Narnaul - HSPCB",Narnaul,9,2017,2025,7,2019,2025,2173,7,2019,2025,2207
site_5261,5261,"Muradpur, Patna - BSPCB",Patna,9,2017,2025,7,2019,2025,2172,7,2019,2025,2183
site_5106,5106,"Vile Parle West, Mumbai - MPCB",Mumbai,9,2017,2025,7,2019,2025,2171,7,2019,2025,2146
site_5262,5262,"Rajbansi Nagar, Patna - BSPCB",Patna,9,2017,2025,7,2019,2025,2160,7,2019,2025,2182
site_5273,5273,"City Center, Gwalior - MPPCB",Gwalior,9,2017,2025,6,2020,2025,2155,6,2020,2025,2153
site_5105,5105,"Udyogamandal, Eloor - Kerala PCB",Ernakulam,9,2017,2025,7,2019,2025,2147,7,2019,2025,2173
site_1447,1447,"Deshpande Nagar, Hubballi - KSPCB",Hubballi,9,2017,2025,8,2018,2025,2145,8,2018,2025,2176
site_5041,5041,"Murthal, Sonipat - HSPCB",Murthal,9,2017,2025,8,2018,2025,2143,8,2018,2025,2165
site_5048,5048,"Sector-18, Panipat - HSPCB",Panipat,9,2017,2025,7,2019,2025,2137,7,2019,2025,2132
site_5254,5254,"Collector Office, Yadgir - KSPCB",Yadgiri,9,2017,2025,7,2019,2025,2136,7,2019,2025,2131
site_5102,5102,"Vasai West, Mumbai - MPCB",Vasai-Virar,9,2017,2025,7,2019,2025,2128,7,2019,2025,1763
site_5054,5054,"Huda Sector, Fatehabad - HSPCB",Fatehabad,9,2017,2025,7,2019,2025,2116,7,2019,2025,2136
site_5265,5265,"Kalyana Nagara, Chikkamagaluru - KSPCB",Chikkamagaluru,9,2017,2025,6,2020,2025,2112,6,2020,2025,2112
site_5263,5263,"Samanpura, Patna - BSPCB",Patna,9,2017,2025,7,2019,2025,2105,7,2019,2025,2124
site_5338,5338,"SFTI Kusdihra, Gaya - BSPCB",Kusdihra,9,2017,2025,6,2020,2025,2093,6,2020,2025,2127
site_5109,5109,"Jai Bhim Nagar, Meerut - UPPCB",Meerut,9,2017,2025,7,2019,2025,2091,7,2019,2025,2034
site_5264,5264,"Vidayagiri, Bagalkot - KSPCB",Bagalkot,9,2017,2025,6,2020,2025,2085,6,2020,2025,2095
site_5120,5120,"Colaba, Mumbai - MPCB",Mumbai,9,2017,2025,7,2019,2025,2085,7,2019,2025,2184
site_5337,5337,"Industrial Area, Hajipur - BSPCB",Hajipur Industrial Area,9,2017,2025,6,2020,2025,2072,6,2020,2025,2119
site_5103,5103,"Nerul, Navi Mumbai - MPCB",Navi Mumbai,9,2017,2025,7,2019,2025,2061,7,2019,2025,2014
site_5335,5335,"Govt. High School Shikarpur, Patna - BSPCB",Patna,9,2017,2025,6,2020,2025,2050,6,2020,2025,2056
site_104,104,"Burari Crossing, Delhi - IITM",Delhi,9,2017,2025,8,2017,2025,2048,8,2017,2025,2049
site_198,198,"More Chowk Waluj, Aurangabad - MPCB",Waladgaon,10,2016,2025,9,2017,2025,2037,9,2017,2025,2805
site_5334,5334,"Polayathode, Kollam - Kerala PCB",Kollam,9,2017,2025,6,2020,2025,2032,6,2020,2025,2020
site_5266,5266,"Vinoba Nagara, Shivamogga - KSPCB",Shivamogga,9,2017,2025,6,2020,2025,2024,6,2020,2025,2009
site_5068,5068,"Sahilara, Maihar - KJS Cements",Sahilara,9,2017,2025,7,2019,2025,2017,7,2019,2025,2042
site_5331,5331,"Kariavattom, Thiruvananthapuram - Kerala PCB",Thiruvananthapuram,9,2017,2025,6,2020,2025,2007,6,2020,2025,2005
site_5336,5336,"DRM Office Danapur, Patna - BSPCB",Patna,9,2017,2025,6,2020,2025,1963,6,2020,2025,2036
site_5267,5267,"Ibrahimpur, Vijayapura - KSPCB",Vijayapura,9,2017,2025,6,2020,2025,1954,6,2020,2025,1946
site_5370,5370,"Buddha Colony, Muzaffarpur - BSPCB",Muzaffarpur,9,2017,2025,6,2020,2025,1948,6,2020,2025,1948
site_5345,5345,"Sector-51, Gurugram - HSPCB",Gurugram,9,2017,2025,6,2020,2025,1933,6,2020,2025,1947
site_5131,5131,"Lumpyngngad, Shillong - Meghalaya PCB",Shillong,9,2017,2025,7,2019,2025,1928,7,2019,2025,1769
site_5344,5344,"Teri Gram, Gurugram - HSPCB",Bandhwari,9,2017,2025,6,2020,2025,1915,6,2020,2025,1946
site_1565,1565,"Lal Bahadur Shastri Nagar, Kalaburagi - KSPCB",Kalaburagi,9,2017,2025,8,2018,2025,1911,8,2018,2025,2054
site_5276,5276,"Thavakkara, Kannur - Kerala PCB",Kannur,9,2017,2025,6,2020,2025,1895,6,2020,2025,1878
site_5339,5339,"Mini Secretariat, Charkhi Dadri - HSPCB",Charkhi Dadri,9,2017,2025,6,2020,2025,1885,6,2020,2025,1904
site_5124,5124,"Urban, Chamarajanagar - KSPCB",Mudumalai,9,2017,2025,7,2019,2025,1882,7,2019,2025,1883
site_5391,5391,"Stuart Hill, Madikeri - KSPCB",Madikeri,9,2017,2025,6,2020,2025,1866,6,2020,2025,1868
site_5346,5346,"Sikulpuikawn, Aizawl - Mizoram PCB",Aizawl,9,2017,2025,6,2020,2025,1829,6,2020,2025,1901
site_5341,5341,"Sector 30, Faridabad - HSPCB",Faridabad,9,2017,2025,6,2020,2025,1826,6,2020,2025,1824
site_5340,5340,"New Industrial Town, Faridabad - HSPCB",Faridabad,9,2017,2025,6,2020,2025,1824,6,2020,2025,1825
site_5363,5363,"Perungudi, Chennai - TNPCB",Chennai,9,2017,2025,6,2020,2025,1812,6,2020,2025,1818
site_5364,5364,"Royapuram, Chennai - TNPCB",Chennai,9,2017,2025,6,2020,2025,1802,6,2020,2025,1805
site_5269,5269,"Deen Dayal Nagar, Sagar - MPPCB",Rajakhedi,9,2017,2025,6,2020,2025,1802,6,2020,2025,1159
site_5390,5390,"Corporation Ground, Thrissur - Kerala PCB",Thrissur,9,2017,2025,6,2020,2025,1770,6,2020,2025,1770
site_5423,5423,"Jawahar Nagar, Puducherry - PPCC",Puducherry,9,2017,2025,5,2021,2025,1762,5,2021,2025,1753
site_5342,5342,"Sector 11, Faridabad - HSPCB",Faridabad,9,2017,2025,6,2020,2025,1757,6,2020,2025,1749
site_5417,5417,"Pan Bazaar, Guwahati - PCBA",Guwahati,9,2017,2025,6,2020,2025,1751,6,2020,2025,1629
site_5421,5421,"Kadri, Mangalore - KSPCB",Mangaluru,9,2017,2025,5,2021,2025,1749,5,2021,2025,1477
site_5413,5413,"Mulund West, Mumbai - MPCB",Mumbai,9,2017,2025,6,2020,2025,1743,6,2020,2025,1720
site_5422,5422,"Devaraj Urs Badavane, Davanagere - KSPCB",Davangere,9,2017,2025,5,2021,2025,1711,5,2021,2025,1645
site_5361,5361,"Arumbakkam, Chennai - TNPCB",Chennai,9,2017,2025,6,2020,2025,1706,6,2020,2025,1723
site_5464,5464,"Manoharpur, Agra - UPPCB",Agra,9,2017,2025,5,2021,2025,1668,5,2021,2025,1667
site_5094,5094,"SIDCO Kurichi, Coimbatore - TNPCB",Coimbatore,9,2017,2025,7,2019,2025,1666,7,2019,2025,1666
site_5461,5461,"Jhunsi, Prayagraj - UPPCB",Prayagraj,9,2017,2025,5,2021,2025,1661,5,2021,2025,1661
site_5092,5092,"Manali Village, Chennai - TNPCB",Chennai,9,2017,2025,6,2019,2025,1660,6,2019,2025,1612
site_5460,5460,"B R Ambedkar University, Lucknow - UPPCB",Lucknow,9,2017,2025,5,2021,2025,1657,5,2021,2025,1666
site_5465,5465,"Sector-3B Avas Vikas Colony, Agra - UPPCB",Agra,9,2017,2025,5,2021,2025,1655,5,2021,2025,1662
site_5459,5459,"Motilal Nehru NIT, Prayagraj - UPPCB",Prayagraj,9,2017,2025,5,2021,2025,1655,5,2021,2025,1665
site_5412,5412,"Kandivali East, Mumbai - MPCB",Mumbai,9,2017,2025,6,2020,2025,1649,6,2020,2025,1618
site_5463,5463,"Shastripuram, Agra - UPPCB",Agra,9,2017,2025,5,2021,2025,1646,5,2021,2025,1638
site_5365,5365,"Kodungaiyur, Chennai - TNPCB",Chennai,9,2017,2025,6,2020,2025,1642,6,2020,2025,1785
site_5398,5398,"Navy Nagar-Colaba, Mumbai - IITM",Mumbai,9,2017,2025,6,2020,2025,1639,6,2020,2025,1637
site_5472,5472,"Madan Mohan Malaviya University of Technology, Gorakhpur - UPPCB",Gorakhpur,9,2017,2025,5,2021,2025,1637,5,2021,2025,1639
site_5474,5474,"NSI Kalyanpur, Kanpur - UPPCB",Kanpur,9,2017,2025,5,2021,2025,1633,5,2021,2025,1634
site_5475,5475,"Maldahiya, Varanasi - UPPCB",Varanasi,9,2017,2025,5,2021,2025,1629,5,2021,2025,1630
site_5462,5462,"Kukrail Picnic Spot-1, Lucknow - UPPCB",Lucknow,9,2017,2025,5,2021,2025,1626,5,2021,2025,1622
site_5394,5394,"Mazgaon, Mumbai - IITM",Mumbai,9,2017,2025,6,2020,2025,1620,6,2020,2025,1766
site_5362,5362,"Anthoni Pillai Nagar, Gummidipoondi - TNPCB",Pappankuppam,9,2017,2025,5,2021,2025,1611,5,2021,2025,1583
site_5484,5484,"Nagar Nigam, Prayagraj - UPPCB",Prayagraj,9,2017,2025,5,2021,2025,1606,5,2021,2025,1602
site_5469,5469,"Bhelupur, Varanasi - UPPCB",Varanasi,9,2017,2025,5,2021,2025,1602,5,2021,2025,1637
site_5400,5400,"Borivali East, Mumbai - IITM",Mumbai,9,2017,2025,6,2020,2025,1599,6,2020,2025,1598
site_5468,5468,"IESD Banaras Hindu University, Varanasi - UPPCB",Varanasi,9,2017,2025,5,2021,2025,1597,5,2021,2025,1627
site_5415,5415,"Diwator Nagar, Koppal - KSPCB",Koppal,9,2017,2025,6,2020,2025,1591,6,2020,2025,1550
site_5403,5403,"Siddharth Nagar-Worli, Mumbai - IITM",Mumbai,9,2017,2025,5,2021,2025,1589,5,2021,2025,1592
site_5483,5483,"Omex Eternity, Vrindavan - UPPCB",Vrindavan,9,2017,2025,5,2021,2025,1589,5,2021,2025,1587
site_5480,5480,"Nagla Bhau, Firozabad - UPPCB",Firozabad,9,2017,2025,5,2021,2025,1579,5,2021,2025,1620
site_5500,5500,"FTI Kidwai Nagar, Kanpur - UPPCB",Kanpur,9,2017,2025,5,2021,2025,1574,5,2021,2025,1570
site_5491,5491,"Sector 22, Chandigarh - CPCC",Chandigarh,9,2017,2025,5,2021,2025,1573,5,2021,2025,1575
site_5396,5396,"Deonar, Mumbai - IITM",Mumbai,9,2017,2025,6,2020,2025,1560,6,2020,2025,1555
site_5419,5419,"Panchal Nagar, Gadag - KSPCB",Gadag-Betageri,9,2017,2025,5,2021,2025,1548,5,2021,2025,1551
site_5501,5501,"Shahjahan Garden, Agra - UPPCB",Agra,9,2017,2025,5,2021,2025,1547,5,2021,2025,1550
site_5503,5503,"Mangala, Bilaspur - NTPC",Tilak Nagar,9,2017,2025,5,2021,2025,1547,5,2021,2025,1541
site_5478,5478,"Gandak Colony, Motihari - BSPCB",Motihari,9,2017,2025,5,2021,2025,1519,5,2021,2025,1503
site_5409,5409,"Revenue Colony-Shivajinagar, Pune - IITM",Pune,9,2017,2025,6,2020,2025,1511,6,2020,2025,1522
site_5537,5537,"Employment Office, Moradabad - UPPCB",Moradabad,9,2017,2025,5,2021,2025,1509,5,2021,2025,1511
site_5274,5274,"GIDC, Nandesari - Nandesari Ind. Association",Vadodara,9,2017,2025,6,2020,2025,1504,6,2020,2025,1513
site_5490,5490,"Town Hall, Munger - BSPCB",Munger,9,2017,2025,5,2021,2025,1498,5,2021,2025,1488
site_5543,5543,"DM Office_Kachari Chowk, Bhagalpur - BSPCB",Bhagalpur,9,2017,2025,5,2021,2025,1495,5,2021,2025,1495
site_5481,5481,"D M Colony, Bihar Sharif - BSPCB",Bihar Sharif,9,2017,2025,5,2021,2025,1494,5,2021,2025,1497
site_5541,5541,"Mayaganj, Bhagalpur - BSPCB",Barari,9,2017,2025,5,2021,2025,1491,5,2021,2025,1489
site_5547,5547,"SDM Office_Khagra, Kishanganj - BSPCB",Kishanganj,9,2017,2025,5,2021,2025,1488,5,2021,2025,1494
site_5548,5548,"Kareemganj, Gaya - BSPCB",Gaya,9,2017,2025,5,2021,2025,1487,5,2021,2025,1494
site_5404,5404,"Mhada Colony, Pune - IITM",Pune,9,2017,2025,6,2020,2025,1486,6,2020,2025,1486
site_5554,5554,"Buddhi Vihar, Moradabad - UPPCB",Moradabad,9,2017,2025,5,2021,2025,1481,5,2021,2025,1479
site_5553,5553,"Chitragupta Nagar, Siwan - BSPCB",Siwan,9,2017,2025,5,2021,2025,1477,5,2021,2025,1478
site_5546,5546,"Mirchaibari, Katihar - BSPCB",Katihar,9,2017,2025,5,2021,2025,1476,5,2021,2025,1470
site_5549,5549,"Mariam Nagar, Purnia - BSPCB",Goshaingaon,9,2017,2025,5,2021,2025,1475,5,2021,2025,1480
site_5555,5555,"Jigar Colony, Moradabad - UPPCB",Moradabad,9,2017,2025,5,2021,2025,1475,5,2021,2025,1475
site_5479,5479,"MIT-Daudpur Kothi, Muzaffarpur - BSPCB",Muzaffarpur,9,2017,2025,5,2021,2025,1464,5,2021,2025,1503
site_5489,5489,"Dangi Tola, Rajgir - BSPCB",Rajgir,9,2017,2025,5,2021,2025,1463,5,2021,2025,1461
site_5399,5399,"Chakala-Andheri East, Mumbai - IITM",Mumbai,9,2017,2025,6,2020,2025,1459,6,2020,2025,1466
site_5476,5476,"Kamalnath Nagar, Bettiah - BSPCB",Bettiah,9,2017,2025,5,2021,2025,1448,5,2021,2025,1463
site_5485,5485,"Dada Peer, Sasaram - BSPCB",Sasaram,9,2017,2025,5,2021,2025,1448,5,2021,2025,1457
site_5482,5482,"Rohta, Agra - UPPCB",Rohta,9,2017,2025,5,2021,2025,1445,5,2021,2025,1435
site_5453,5453,"Chandkheda, Ahmedabad - IITM",Ahmedabad,9,2017,2025,5,2021,2025,1442,5,2021,2025,1442
site_5539,5539,"Kharahiya Basti, Araria - BSPCB",Araria,9,2017,2025,5,2021,2025,1441,5,2021,2025,1446
site_5545,5545,"Darshan Nagar, Chhapra - BSPCB",Chapra,9,2017,2025,5,2021,2025,1441,5,2021,2025,1441
site_5538,5538,"New DM Office, Arrah - BSPCB",Arrah,9,2017,2025,5,2021,2025,1432,5,2021,2025,1432
site_5551,5551,"Police Line, Saharsa - BSPCB",Saharsa,9,2017,2025,5,2021,2025,1431,5,2021,2025,1436
site_5397,5397,"Khindipada-Bhandup West, Mumbai - IITM",Mumbai,9,2017,2025,6,2020,2025,1423,6,2020,2025,1631
site_5583,5583,"Shivaji Nagar, Jhansi - UPPCB",Jhansi,9,2017,2025,4,2022,2025,1420,4,2022,2025,1421
site_5270,5270,"Vyttila, Kochi - Kerala PCB",Ernakulam,9,2017,2025,5,2020,2024,1418,5,2020,2024,1436
site_5556,5556,"Eco Herbal Park, Moradabad - UPPCB",Chaudharpur,9,2017,2025,4,2022,2025,1411,4,2022,2025,1420
site_5402,5402,"Malad West, Mumbai - IITM",Mumbai,9,2017,2025,6,2020,2025,1410,6,2020,2025,1477
site_5582,5582,"Sector-53, Chandigarh - CPCC",Chandigarh,9,2017,2025,4,2022,2025,1406,4,2022,2025,1402
site_1398,1398,"Lajpat Nagar, Moradabad - UPPCB",Moradabad,9,2017,2025,7,2017,2025,1402,7,2017,2025,1374
site_5446,5446,"Naharlagun, Naharlagun - APSPCB",Naharlagun,9,2017,2025,5,2021,2025,1398,5,2021,2025,1368
site_5550,5550,"Forest Rest House, Manguraha - BSPCB",Maguraha,9,2017,2025,5,2021,2025,1393,5,2021,2025,1406
site_271,271,"Chauhan Colony, Chandrapur - MPCB",Chandrapur,4,2017,2025,4,2017,2025,1381,4,2017,2025,1368
site_5586,5586,"HIMUDA Complex Phase-1, Baddi - HPPCB",Baddi,9,2017,2025,4,2022,2025,1365,4,2022,2025,1376
site_5552,5552,"DM Office_Kasipur, Samastipur - BSPCB",Samastipur,9,2017,2025,4,2022,2025,1363,4,2022,2025,1363
site_5585,5585,"Sardar Patel Inter College, Baghpat - UPPCB",Bali,9,2017,2025,4,2022,2025,1357,4,2022,2025,1358
site_5544,5544,"Gurdeo Nagar, Aurangabad - BSPCB",Aurangabad,9,2017,2025,4,2022,2025,1354,4,2022,2025,1356
site_5451,5451,"Rakhial, Ahmedabad - IITM",Ahmedabad,9,2017,2025,5,2021,2025,1347,5,2021,2025,1347
site_5456,5456,"SVPI Airport Hansol, Ahmedabad - IITM",Ahmedabad,9,2017,2025,5,2021,2025,1345,5,2021,2025,1345
site_5448,5448,"B.Katihalli, Hassan - KSPCB",Hassan,9,2017,2025,5,2021,2025,1343,5,2021,2025,1183
site_5414,5414,"Haji Colony, Raichur - KSPCB",Raichur,9,2017,2025,6,2020,2025,1332,6,2020,2025,1314
site_5455,5455,"SAC ISRO Satellite, Ahmedabad - IITM",Ahmedabad,9,2017,2025,5,2021,2025,1316,5,2021,2025,1316
site_5395,5395,"Lodhi Road, Delhi - IITM",New Delhi,9,2017,2025,6,2020,2025,1315,6,2020,2025,1298
site_5584,5584,"Vibhab Nagar, Firozabad - UPPCB",Firozabad,9,2017,2025,4,2022,2025,1314,4,2022,2025,1340
site_5458,5458,"GIFT City, Gandhinagar - IITM",Gandhinagar,9,2017,2025,5,2021,2025,1314,5,2021,2025,1301
site_5587,5587,"Bardowali, Agartala - Tripura SPCB",Agartala,9,2017,2025,4,2022,2025,1306,4,2022,2025,1304
site_5601,5601,"Rajendra Nagar, Bareilly - UPPCB",Bareilly,9,2017,2025,4,2022,2025,1305,4,2022,2025,1307
site_5449,5449,"Sardar Vallabhbhai Patel Stadium, Ahmedabad - IITM",Ahmedabad,9,2017,2025,5,2021,2025,1299,5,2021,2025,1299
site_5603,5603,"Kalindi Kunj, Khurja - UPPCB",Meerut Division,9,2017,2025,4,2022,2025,1295,4,2022,2025,1299
site_5620,5620,"Kashiram Nagar, Moradabad - UPPCB",Moradabad,9,2017,2025,4,2022,2025,1286,4,2022,2025,1288
site_5613,5613,"Transport Nagar, Moradabad - UPPCB",Moradabad,9,2017,2025,4,2022,2025,1286,4,2022,2025,1287
site_5393,5393,"Chandni Chowk, Delhi - IITM",Delhi,9,2017,2025,6,2020,2025,1284,6,2020,2025,1417
site_5452,5452,"Raikhad, Ahmedabad - IITM",Ahmedabad,9,2017,2025,5,2021,2025,1272,5,2021,2025,1314
site_5599,5599,"Kompally Municipal Office, Hyderabad - TSPCB",Hyderabad,9,2017,2025,4,2022,2025,1271,4,2022,2025,1266
site_5600,5600,"Nacharam_TSIIC IALA, Hyderabad - TSPCB",Secunderabad,9,2017,2025,4,2022,2025,1269,4,2022,2025,1267
site_5392,5392,"Bandra Kurla Complex, Mumbai - IITM",Mumbai,9,2017,2025,5,2020,2025,1259,5,2020,2025,1264
site_5604,5604,"Kokapet, Hyderabad - TSPCB",Hyderabad,9,2017,2025,4,2022,2025,1258,4,2022,2025,1257
site_5595,5595,"New Malakpet, Hyderabad - TSPCB",Hyderabad,9,2017,2025,4,2022,2025,1254,4,2022,2025,1254
site_5536,5536,"Civic Center, Bhilai - Bhilai Steel Plant",Bhilai,9,2017,2025,5,2021,2025,1252,5,2021,2025,1146
site_5450,5450,"Gyaspur, Ahmedabad - IITM",Ahmedabad,9,2017,2025,5,2021,2025,1246,5,2021,2025,1245
site_5594,5594,"Doon University, Dehradun - UKPCB",Dehradun,9,2017,2025,4,2022,2025,1243,4,2022,2025,1247
site_5596,5596,"ECIL Kapra, Hyderabad - TSPCB",Secunderabad,9,2017,2025,4,2022,2025,1234,4,2022,2025,1234
site_5457,5457,"IIPHG Lekawada, Gandhinagar - IITM",Vayushaktinagar,9,2017,2025,5,2021,2025,1234,5,2021,2025,1244
site_5598,5598,"Somajiguda, Hyderabad - TSPCB",Hyderabad,9,2017,2025,4,2022,2025,1233,4,2022,2025,1232
site_5597,5597,"IITH Kandi, Hyderabad - TSPCB",Regional,9,2017,2025,4,2022,2025,1233,4,2022,2025,1230
site_5628,5628,"Civil Lines, Bareilly - UPPCB",Bareilly,9,2017,2025,4,2022,2025,1223,4,2022,2025,1229
site_5632,5632,"Gulzarpet, Anantapur - APPCB",Anantapur,9,2017,2025,4,2022,2025,1213,4,2022,2025,1208
site_5602,5602,"Ramachandrapuram, Hyderabad - TSPCB",Hyderabad,9,2017,2025,4,2022,2025,1203,4,2022,2025,1211
site_5650,5650,"Paryavaran Parisar, Bhopal - MPPCB",Bhopal,9,2017,2025,4,2022,2025,1186,4,2022,2025,1180
site_5658,5658,"Girls College, Sivasagar - PCBA",Sivasagar,9,2017,2025,4,2022,2025,1185,4,2022,2025,1186
site_5454,5454,"SAC ISRO Bopal, Ahmedabad - IITM",Ahmedabad,9,2017,2025,5,2021,2025,1171,5,2021,2025,1160
site_5661,5661,"Maharaj Bada, Gwalior - MPPCB",Gwalior,9,2017,2025,4,2022,2025,1158,4,2022,2025,1159
site_5662,5662,"Civil Lines, Sagar - MPPCB",Sagar,9,2017,2025,4,2022,2025,1154,4,2022,2025,1155
site_5401,5401,"Sector-19A Nerul, Navi Mumbai - IITM",Navi Mumbai,9,2017,2025,5,2020,2024,1149,5,2020,2024,1291
site_1569,1569,"New Collectorate, Baghpat - UPPCB",Meerut Division,9,2017,2025,5,2018,2022,1133,5,2018,2022,1133
site_5420,5420,"Ashwini Nagar, Haveri - KSPCB",Haveri,9,2017,2025,4,2022,2025,1128,4,2022,2025,1090
site_5668,5668,"Bata Chowk, Nalbari - PCBA",Nalbari,9,2017,2025,4,2022,2025,1125,4,2022,2025,1114
site_5625,5625,"Chalai Bazaar, Ramanathapuram - TNPCB",Ramanathapuram,9,2017,2025,4,2022,2025,1122,4,2022,2025,1211
site_5670,5670,"Meher Colony, Baripada - OSPCB",Baripada,9,2017,2025,4,2022,2025,1120,4,2022,2025,1125
site_5271,5271,"Palayam, Kozhikode - Kerala PCB",Kozhikode,9,2017,2025,4,2020,2023,1119,4,2020,2023,1118
site_5675,5675,"Raghunathpali, Rourkela - OSPCB",Rourkela,9,2017,2025,4,2022,2025,1117,4,2022,2025,1119
site_5667,5667,"Deen Dayal Nagar, Gwalior - MPPCB",Gwalior,9,2017,2025,4,2022,2025,1112,4,2022,2025,1112
site_5590,5590,"Zero Point GICI, Gangtok - SSPCB",Gangtok,9,2017,2025,4,2022,2025,1107,4,2022,2025,1123
site_5624,5624,"Bombay Castel, Ooty - TNPCB",Ooty,9,2017,2025,4,2022,2025,1107,4,2022,2025,1099
site_5674,5674,"Dabuna, Nayagarh - OSPCB",Keonjhar,9,2017,2025,4,2022,2025,1103,4,2022,2025,1062
site_5683,5683,"LGBI Airport, Guwahati - PCBA",Guwahati,9,2017,2025,4,2022,2025,1101,4,2022,2025,1103
site_5666,5666,"Vaikuntapuram, Tirupati - APPCB",Avilali,9,2017,2025,4,2022,2025,1100,4,2022,2025,1096
site_5673,5673,"Tata Township, Bileipada - OSPCB",Sialijoda,9,2017,2025,4,2022,2025,1099,4,2022,2025,1117
site_5660,5660,"32Bungalows, Bhilai - CECB",Bhilai,9,2017,2025,4,2022,2025,1098,4,2022,2025,1096
site_5671,5671,"Jagamohanpur, Keonjhar - OSPCB",Keonjhar,9,2017,2025,4,2022,2025,1097,4,2022,2025,1106
site_5664,5664,"Science Center, Surat - SMC",Surat,9,2017,2025,4,2022,2025,1088,4,2022,2025,1078
site_300,300,"Priyambada Housing Estate, Haldia - WBPCB",Haldia,6,2015,2025,3,2023,2025,1087,5,2016,2025,1608
site_5676,5676,"OMC Colony, Suakati - OSPCB",Suakati,9,2017,2025,4,2022,2025,1087,4,2022,2025,1105
site_5652,5652,"AIIMS, Raipur - CECB",Raipur,9,2017,2025,4,2022,2025,1084,4,2022,2025,1084
site_5665,5665,"Gangineni Cheruvu, Chittoor - APPCB",Chittoor,9,2017,2025,4,2022,2025,1080,4,2022,2025,1080
site_5680,5680,"Lingaraj Nagar, Hubballi - KSPCB",Hubballi,9,2017,2025,4,2022,2025,1080,4,2022,2025,1080
site_5653,5653,"Siltara Phase-II, Raipur - CECB",Akoli-2,9,2017,2025,4,2022,2025,1077,4,2022,2025,1071
site_5669,5669,"Central Academy for SFS, Byrnihat - PCBA",Sonai N.C.,9,2017,2025,4,2022,2025,1075,4,2022,2025,1070
site_5679,5679,"Mahatma Basaveswar Colony, Kalaburgi - KSPCB",Kalaburagi,9,2017,2025,4,2022,2025,1074,4,2022,2025,1069
site_5659,5659,"Hathkhoj, Bhilai - CECB",Charoda,9,2017,2025,4,2022,2025,1072,4,2022,2025,1072
site_5654,5654,"Krishak Nagar, Raipur - CECB",Purena,9,2017,2025,4,2022,2025,1070,4,2022,2025,1071
site_5701,5701,"Nayapura, Kota - RSPCB",Kota,4,2017,2025,3,2023,2025,1063,3,2023,2025,1057
site_5690,5690,"OP Jindal School, Kunjemura - CECB",Kunjemura,9,2017,2025,3,2023,2025,1062,3,2023,2025,1064
site_5689,5689,"Nawapara SECL Colony, Chhal - CECB",Bilaspur Division,9,2017,2025,3,2023,2025,1059,3,2023,2025,1057
site_5707,5707,"Dhanmandi, Kota - RSPCB",Kota,4,2017,2025,3,2023,2025,1058,3,2023,2025,1058
site_5655,5655,"Bhatagaon New ISBT, Raipur - CECB",Raipur,9,2017,2025,4,2022,2025,1058,4,2022,2025,1062
site_5432,5432,"Ramteerth Nagar, Belgaum - KSPCB",Belagavi,9,2017,2025,4,2022,2025,1057,4,2022,2025,1004
site_5695,5695,"Krishna Nagar, Bharatpur - RSPCB",Bharatpur,4,2017,2025,3,2023,2025,1056,3,2023,2025,1063
site_5694,5694,"Samrat Ashok Udhyan, Jodhpur - RSPCB",Jodhpur,5,2017,2025,3,2023,2025,1056,3,2023,2025,1056
site_5706,5706,"Christianpatty, Nagaon - PCBA",Nagaon,4,2017,2025,3,2023,2025,1052,3,2023,2025,1042
site_5696,5696,"MM Ground, Bikaner - RSPCB",Bikaner,4,2017,2025,3,2023,2025,1050,3,2023,2025,1050
site_5684,5684,"Tarapur, Silchar - PCBA",Silchar,9,2017,2025,3,2023,2025,1047,3,2023,2025,1085
site_5713,5713,"Khatikan Mohalla, Dausa - RSPCB",Dausa,4,2017,2025,3,2023,2025,1037,3,2023,2025,1036
site_5714,5714,"Railway Colony, Barmer - RSPCB",Barmer,4,2017,2025,3,2023,2025,1035,3,2023,2025,1035
site_5702,5702,"Shastri Nagar, Tonk - RSPCB",Tonk,4,2017,2025,3,2023,2025,1034,3,2023,2025,1027
site_5711,5711,"Rati Talai, Banswara - RSPCB",Banswara,4,2017,2025,3,2023,2025,1033,3,2023,2025,1032
site_5708,5708,"Idgah Hills, Bhopal - MPPCB",Bhopal,4,2017,2025,3,2023,2025,1033,3,2023,2025,1030
site_5656,5656,"Rampur, Korba - CECB",Korba,9,2017,2025,4,2022,2025,1033,4,2022,2025,1044
site_5651,5651,"IITG, Guwahati - PCBA",Guwahati,9,2017,2025,4,2022,2025,1032,4,2022,2025,1081
site_5717,5717,"Indra Nagar, Jhunjhunu - RSPCB",Jhunjhunu,4,2017,2025,3,2023,2025,1031,3,2023,2025,1031
site_5657,5657,"Urja Nagar, Korba - CECB",Gevra,9,2017,2025,3,2023,2025,1030,4,2022,2025,1042
site_5722,5722,"Radhakishan Pura, Sikar - RSPCB",Sikar,4,2017,2025,3,2023,2025,1030,3,2023,2025,1030
site_5724,5724,"Rajlaxmi Nagar, Jhalawar - RSPCB",Jhalawar,4,2017,2025,3,2023,2025,1028,3,2023,2025,1028
site_5721,5721,"Pragati Nagar, Pratapgarh - RSPCB",Pratapgarh,4,2017,2025,3,2023,2025,1028,3,2023,2025,1028
site_5700,5700,"Raja Ganj, Dholpur - RSPCB",Dholpur,4,2017,2025,3,2023,2025,1027,3,2023,2025,990
site_5719,5719,"Old City, Sri Ganganagar - RSPCB",Sri Ganganagar,4,2017,2025,3,2023,2025,1027,3,2023,2025,1027
site_5718,5718,"Dhoinda, Rajsamand - RSPCB",Dhoinda,4,2017,2025,3,2023,2025,1024,3,2023,2025,1024
site_5672,5672,"Divisional Forest Office, Rairangpur - OSPCB",Rairangpur,9,2017,2025,4,2022,2025,1024,4,2022,2025,1060
site_5716,5716,"Sahu Nagar, Sawai Madhopur - RSPCB",Sawai Madhopur,4,2017,2025,3,2023,2025,1024,3,2023,2025,1028
site_5693,5693,"Yerramukkapalli, Kadapa - APPCB",Kadapa,9,2017,2025,3,2023,2025,1023,3,2023,2025,1022
site_5712,5712,"Shastri Nagar, Chittorgarh - RSPCB",Chittorgarh,4,2017,2025,3,2023,2025,1021,3,2023,2025,1035
site_5720,5720,"Jhalamand, Jodhpur - RSPCB",जोधपुर,4,2017,2025,3,2023,2025,1020,3,2023,2025,1020
site_5723,5723,"Satyawati Vihar, Karauli - RSPCB",Karauli,4,2017,2025,3,2023,2025,1016,3,2023,2025,1018
site_5725,5725,"Mansarovar Sector-12, Jaipur - RSPCB",Jaipur,4,2017,2025,3,2023,2025,1012,3,2023,2025,1012
site_5727,5727,"Sector-2 Murlipura, Jaipur - RSPCB",Jaipur,4,2017,2025,3,2023,2025,1012,3,2023,2025,1014
site_5703,5703,"Shivaji Nagar, Rishikesh - UKPCB",Rishikesh,4,2017,2025,3,2023,2025,1011,3,2023,2025,1011
site_5699,5699,"Subash Chowk, Churu - RSPCB",Churu,4,2017,2025,3,2023,2025,1009,3,2023,2025,1003
site_5715,5715,"Housing Board, Hanumangarh - RSPCB",Hanumangarh,4,2017,2025,3,2023,2025,1009,3,2023,2025,1012
site_5677,5677,"Barsua Iron Ore Mines, Tensa - OSPCB",Tensa,9,2017,2025,4,2022,2025,1007,4,2022,2025,1070
site_5272,5272,"Kacheripady, Ernakulam - Kerala PCB",Kochi,8,2017,2025,3,2020,2022,1006,3,2020,2022,1008
site_5705,5705,"Vedhaynath Colony, Sirohi - RSPCB",Sirohi,4,2017,2025,3,2023,2025,1005,3,2023,2025,1006
site_261,261,"Airoli, Navi Mumbai - MPCB",Navi Mumbai,17,2009,2025,5,2013,2017,1004,8,2011,2020,1943
site_5606,5606,"Keelapalur, Ariyalur - TNPCB",Keezhapalur,9,2017,2025,4,2022,2025,1000,4,2022,2025,1017
site_5678,5678,"RVCE-Mailasandra, Bengaluru - KSPCB",Bengaluru,9,2017,2025,4,2022,2025,997,4,2022,2025,933
site_5726,5726,"Digari Kalan, Jodhpur - RSPCB",Jodhpur,4,2017,2025,3,2023,2025,997,3,2023,2025,997
site_5638,5638,"Kalabhavan, Dharwad - KSPCB",Hubballi,9,2017,2025,4,2022,2025,991,4,2022,2025,1074
site_5771,5771,"New Colony, Bundi - RSPCB",Bundi,4,2017,2025,3,2023,2025,981,3,2023,2025,981
site_5772,5772,"Sadar Bazar, Jaisalmer - RSPCB",Jaisalmer,4,2017,2025,3,2023,2025,980,3,2023,2025,981
site_5773,5773,"Mandor, Jodhpur - RSPCB",Jodhpur,4,2017,2025,3,2023,2025,976,3,2023,2025,976
site_1551,1551,"Tamaka Ind. Area, Kolar - KSPCB",Kolar,9,2017,2025,8,2018,2025,975,8,2018,2025,1820
site_5622,5622,"Sona College of Technology, Salem - TNPCB",Salem,9,2017,2025,4,2022,2025,971,4,2022,2025,838
site_5768,5768,"Shivaji University, Kolhapur - MPCB",Kolhapur,4,2017,2025,3,2023,2025,965,3,2023,2025,964
site_5775,5775,"Bamboliya, Baran - RSPCB",Baran,4,2017,2025,3,2023,2025,961,3,2023,2025,961
site_5686,5686,"Shivapura_Peenya, Bengaluru - KSPCB",Bengaluru,9,2017,2025,3,2023,2025,961,3,2023,2025,986
site_5778,5778,"Karni Colony, Nagaur - RSPCB",Nagaur,4,2017,2025,3,2023,2025,959,3,2023,2025,959
site_5688,5688,"Sector-2, Rourkela - OSPCB",Rourkela,9,2017,2025,3,2023,2025,956,3,2023,2025,874
site_5770,5770,"Pratap Nagar, Bhilwara - RSPCB",Bhilwara,4,2017,2025,3,2023,2025,955,3,2023,2025,955
site_5769,5769,"Sinchan Bhavan, Kolhapur - MPCB",Kolhapur,4,2017,2025,3,2023,2025,953,3,2023,2025,958
site_5779,5779,"Pandav Nagari, Nashik - MPCB",Nashik,4,2017,2025,3,2023,2025,952,3,2023,2025,952
site_5777,5777,"Dnyaneshwar Nagar, Solapur - MPCB",Solapur,4,2017,2025,3,2023,2025,950,3,2023,2025,950
site_5681,5681,"Kasturi Nagar, Bengaluru - KSPCB",Bengaluru,9,2017,2025,3,2023,2025,949,3,2023,2025,962
site_5786,5786,"Shivneri Colony, Amravati - MPCB",Amravati,4,2017,2025,3,2023,2025,943,3,2023,2025,943
site_5704,5704,"Govt. Girls Inter College, Kashipur - UKPCB",Kashipur,4,2017,2025,3,2023,2025,943,3,2023,2025,937
site_5780,5780,"Sawe Wadi, Latur - MPCB",Latur,4,2017,2025,3,2023,2025,943,3,2023,2025,943
site_5592,5592,"DM College of Science, Imphal - Manipur PCB",Imphal,9,2017,2025,4,2022,2025,941,4,2022,2025,936
site_5790,5790,"Prabhat Colony, Jalgaon - MPCB",Jalgaon,4,2017,2025,3,2023,2025,933,3,2023,2025,933
site_5792,5792,"Ambazari, Nagpur - MPCB",Nagpur,4,2017,2025,3,2023,2025,933,3,2023,2025,933
site_5728,5728,"RIICO Sitapura, Jaipur - RSPCB",Jaipur,4,2017,2025,3,2023,2025,932,3,2023,2025,933
site_5784,5784,"Ramdaspeth, Akola - MPCB",Akola,4,2017,2025,3,2023,2025,931,3,2023,2025,931
site_5776,5776,"Ratandeep Housing Society, Solapur - MPCB",Solapur,4,2017,2025,3,2023,2025,930,3,2023,2025,930
site_5798,5798,"Katrap, Badlapur - MPCB",Badlapur,4,2017,2025,3,2023,2025,929,3,2023,2025,928
site_5729,5729,"Jigani, Bengaluru - KSPCB",Jigani,4,2017,2025,3,2023,2025,927,3,2023,2025,927
site_5765,5765,"Thergaon, Pimpri Chinchwad - MPCB",Pimpri-Chinchwad,4,2017,2025,3,2023,2025,926,3,2023,2025,926
site_5626,5626,"Bharathidasan University, Palkalaiperur - TNPCB",Sooriyur,9,2017,2025,3,2023,2025,925,3,2023,2025,925
site_5814,5814,"Kherwadi_Bandra East, Mumbai - MPCB",Aliyawar,4,2017,2025,3,2023,2025,924,3,2023,2025,924
site_5796,5796,"Mahal, Nagpur - MPCB",Nagpur,4,2017,2025,3,2023,2025,923,3,2023,2025,923
site_5811,5811,"Chembur, Mumbai - MPCB",Mumbai,4,2017,2025,3,2023,2025,920,3,2023,2025,919
site_5802,5802,"Mahesh Nagar, Malegaon - MPCB",Malegaon,4,2017,2025,3,2023,2025,919,3,2023,2025,919
site_5810,5810,"Bandra Kurla Complex, Mumbai - MPCB",Mumbai,4,2017,2025,3,2023,2025,919,3,2023,2025,919
site_5767,5767,"Savitribai Phule Pune University, Pune - MPCB",Pune,4,2017,2025,3,2023,2025,919,3,2023,2025,919
site_5774,5774,"Vijay Nagar, Sangli - MPCB",Adi,4,2017,2025,3,2023,2025,918,3,2023,2025,918
site_5788,5788,"MIDC Chilkalthana, Aurangabad - MPCB",Chhatrapati Sambhajinagar,4,2017,2025,3,2023,2025,918,3,2023,2025,912
site_5791,5791,"Old MIDC, Jalna - MPCB",Jalna,4,2017,2025,3,2023,2025,918,3,2023,2025,917
site_5782,5782,"Hirawadi, Nashik - MPCB",Nashik,4,2017,2025,3,2023,2025,918,3,2023,2025,917
site_5805,5805,"Kopripada-Vashi, Navi Mumbai - MPCB",Navi Mumbai,4,2017,2025,3,2023,2025,918,3,2023,2025,918
site_5692,5692,"OP Jindal Industrial Park, Tumidih - CECB",Tumidih,9,2017,2025,3,2023,2025,918,3,2023,2025,911
site_5804,5804,"CBD Belapur, Belapur - MPCB",Navi Mumbai,4,2017,2025,3,2023,2025,917,3,2023,2025,917
site_5615,5615,"Vasanthapuram, Vellore - TNPCB",Vellore,9,2017,2025,4,2022,2025,917,4,2022,2025,893
site_5781,5781,"MIDC Ambad, Nashik - MPCB",Nashik,4,2017,2025,3,2023,2025,915,3,2023,2025,914
site_5800,5800,"Upvan Fort, Thane - MPCB",Thane,4,2017,2025,3,2023,2025,914,3,2023,2025,913
site_5783,5783,"Kamble Tarf Birwadi, Mahad - MPCB",Kamble Tarf Birwadi,4,2017,2025,3,2023,2025,913,3,2023,2025,914
site_5764,5764,"Park Street Wakad, Pimpri Chinchwad - MPCB",Pimpri-Chinchwad,4,2017,2025,3,2023,2025,911,3,2023,2025,959
site_5813,5813,"Gokul Nagar, Bhiwandi - MPCB",Bhiwandi,4,2017,2025,3,2023,2025,908,3,2023,2025,909
site_5801,5801,"Deopur, Dhule - MPCB",Dhule,4,2017,2025,3,2023,2025,908,3,2023,2025,907
site_5816,5816,"Suhagi, Jabalpur - JMC",Suhagi,4,2017,2025,3,2023,2025,908,3,2023,2025,908
site_5785,5785,"Tarakpur, Ahmednagar - MPCB",Ahilyanagar,4,2017,2025,3,2023,2025,905,3,2023,2025,904
site_5611,5611,"Semmandalam, Cuddalore - TNPCB",Semmandalam,9,2017,2025,3,2023,2025,901,3,2023,2025,866
site_5806,5806,"Bhayandar West, Mira-Bhayandar - MPCB",Mira Bhayandar,4,2017,2025,3,2023,2025,900,3,2023,2025,900
site_5795,5795,"Sneh Nagar, Nanded - MPCB",Nanded,4,2017,2025,3,2023,2025,899,3,2023,2025,900
site_5815,5815,"Sanpada, Navi Mumbai - MPCB",Navi Mumbai,4,2017,2025,3,2023,2025,899,3,2023,2025,898
site_5682,5682,"Thimmalapura, Tumakuru - KSPCB",Tumakur,9,2017,2025,4,2022,2025,897,4,2022,2025,893
site_5812,5812,"Sidhi Vinayak Nagar, Ulhasnagar - MPCB",Ulhasnagar,4,2017,2025,3,2023,2025,895,3,2023,2025,892
site_5799,5799,"Sector-2E Kalamboli, Navi Mumbai - MPCB",Panvel,4,2017,2025,3,2023,2025,894,3,2023,2025,895
site_5691,5691,"Govt. Higher Secondary School, Milupara - CECB",Khamahari,9,2017,2025,3,2023,2025,889,3,2023,2025,896
site_5808,5808,"Bolinj, Virar - MPCB",Vasai-Virar,4,2017,2025,3,2023,2025,888,3,2023,2025,892
site_5797,5797,"Kasarvadavali, Thane - MPCB",ठाणे,4,2017,2025,3,2023,2025,882,3,2023,2025,884
site_5687,5687,"Fertilizer Township, Rourkela - OSPCB",Hatibandha,9,2017,2025,3,2023,2025,878,3,2023,2025,1030
site_5621,5621,"Kudikadu, Cuddalore - TNPCB",Pachchyankuppam,9,2017,2025,3,2023,2025,875,3,2023,2025,708
site_5807,5807,"Mindspace-Malad West, Mumbai - MPCB",Mumbai,4,2017,2025,3,2023,2025,874,3,2023,2025,874
site_5817,5817,"Gupteshwar, Jabalpur - JMC",Jabalpur,4,2017,2025,3,2023,2025,872,3,2023,2025,877
site_5607,5607,"Kumaran College, Tirupur - TNPCB",Tiruppur,9,2017,2025,4,2022,2025,867,4,2022,2025,1092
site_5763,5763,"Gavalinagar, Pimpri Chinchwad - MPCB",Pimpri-Chinchwad,4,2017,2025,3,2023,2025,866,3,2023,2025,916
site_5766,5766,"Katraj Dairy, Pune - MPCB",Pune,4,2017,2025,3,2023,2025,866,3,2023,2025,866
site_5377,5377,"Kunjaban, Agartala - Tripura SPCB",Agartala,9,2017,2025,4,2020,2023,864,4,2020,2023,862
site_5809,5809,"Khaira, Boisar - MPCB",Khaira,4,2017,2025,3,2023,2025,858,3,2023,2025,858
site_5793,5793,"Ram Nagar, Nagpur - MPCB",Nagpur,4,2017,2025,3,2023,2025,857,3,2023,2025,857
site_5851,5851,"Mudtra Sili, Jalore - RSPCB",Jalore,3,2023,2025,3,2023,2025,850,3,2023,2025,850
site_5685,5685,"Kanuru, Vijayawada - APPCB",Poranki,9,2017,2025,3,2023,2025,849,3,2023,2025,840
site_5850,5850,"Bhoiwada, Dungarpur - RSPCB",Dungarpur,3,2023,2025,3,2023,2025,848,3,2023,2025,848
site_5849,5849,"Rajiv Gandhi Park, Vijayawada - APPCB",Vijayawada,3,2023,2025,3,2023,2025,845,3,2023,2025,846
site_5803,5803,"Tondare-Taloja, Navi Mumbai - MPCB",Panvel,4,2017,2025,3,2023,2025,841,3,2023,2025,842
site_5848,5848,"HB Colony, Vijayawada - APPCB",Vijayawada,3,2023,2025,3,2023,2025,837,3,2023,2025,837
site_5789,5789,"Rachnakar Colony, Aurangabad - MPCB",Chhatrapati Sambhajinagar,4,2017,2025,3,2023,2025,830,3,2023,2025,831
site_5619,5619,"Kilambi, Kanchipuram - TNPCB",Melambi,9,2017,2025,4,2022,2025,829,4,2022,2025,834
site_5938,5938,"Forest Office, Barbil - OSPCB",Barbil,3,2023,2025,3,2023,2025,799,3,2023,2025,799
site_5939,5939,"Hakimapada, Angul - OSPCB",Angul,3,2023,2025,3,2023,2025,798,3,2023,2025,798
site_5937,5937,"Kalidaspur, Balasore - OSPCB",Januganj,3,2023,2025,3,2023,2025,798,3,2023,2025,797
site_5943,5943,"Patia, Bhubaneswar - OSPCB",Bhubaneswar,3,2023,2025,3,2023,2025,796,3,2023,2025,796
site_5942,5942,"Ferro Chrome Colony, Byasanagar - OSPCB",Byasanagar,3,2023,2025,3,2023,2025,795,3,2023,2025,795
site_5794,5794,"Masoom Colony, Parbhani - MPCB",Parbhani,4,2017,2025,3,2023,2025,792,3,2023,2025,790
site_5941,5941,"CDA Area, Cuttack - OSPCB",Cuttack,3,2023,2025,3,2023,2025,791,3,2023,2025,791
site_5940,5940,"Lingraj Mandir, Bhubaneswar - OSPCB",Bhubaneswar,3,2023,2025,3,2023,2025,790,3,2023,2025,790
site_5605,5605,"Crescent University, Chengalpattu - TNPCB",Vandalur,9,2017,2025,4,2022,2025,782,4,2022,2025,744
site_5960,5960,"Byculla, Mumbai - BMC",Mumbai,3,2023,2025,3,2023,2025,779,3,2023,2025,779
site_5710,5710,"Sardar Patel Nagar, Dhanbad - JSPCB",Dhanbad,4,2017,2025,3,2023,2025,777,3,2023,2025,778
site_5623,5623,"PSG College of Arts and Science, Coimbatore - TNPCB",Coimbatore,9,2017,2025,4,2022,2025,773,4,2022,2025,530
site_5275,5275,"Phool Bagh, Gwalior - Mondelez Ind. Food",Gwalior,9,2017,2025,6,2020,2025,772,6,2020,2025,751
site_5964,5964,"Ghatkopar, Mumbai - BMC",Mumbai,3,2023,2025,3,2023,2025,755,3,2023,2025,756
site_5416,5416,"IITK, Kanpur - IITK",Kanpur,8,2017,2025,4,2020,2023,754,0,,,0
site_5959,5959,"SVSPA Campus, Barrackpore - WBPCB",Barrackpore,3,2023,2025,3,2023,2025,753,3,2023,2025,753
site_5963,5963,"Sewri, Mumbai - BMC",Mumbai,3,2023,2025,3,2023,2025,731,3,2023,2025,733
site_5965,5965,"Govindh Bhavan Colony, Jabalpur - JMC",Jabalpur,3,2023,2025,3,2023,2025,727,3,2023,2025,728
site_257,257,"PWD Grounds, Vijayawada - APPCB",Vijayawada,9,2017,2025,4,2017,2020,708,3,2017,2019,807
site_5612,5612,"SIPCOT Phase-1, Hosur - TNPCB",Hosur,9,2017,2025,3,2022,2025,699,3,2022,2025,717
site_5962,5962,"Kandivali West, Mumbai - BMC",Mumbai,3,2023,2025,3,2023,2025,687,3,2023,2025,686
site_5854,5854,"Residency Area, Indore - IMC",Indore,3,2023,2025,3,2023,2025,674,3,2023,2025,692
site_5982,5982,"Vasundhara Nagar_UIT, Bhiwadi - RSPCB",Bhiwadi,2,2024,2025,2,2024,2025,671,2,2024,2025,670
site_5407,5407,"Hadapsar, Pune - IITM",Pune,9,2017,2025,4,2021,2025,664,4,2021,2025,662
site_5608,5608,"Mendonsa Colony, Dindigul - TNPCB",Dindigul,9,2017,2025,4,2022,2025,658,4,2022,2025,737
site_5961,5961,"Shivaji Nagar, Mumbai - BMC",Mumbai,3,2023,2025,3,2023,2025,656,3,2023,2025,654
site_5418,5418,"Naubad, Bidar - KSPCB",Bidar,9,2017,2025,5,2021,2025,641,5,2021,2025,1130
site_5983,5983,"PCBL Residential Complex, Durgapur - WBPCB",Durgapur,2,2024,2025,2,2024,2025,619,2,2024,2025,619
site_5855,5855,"Regional Park, Indore - IMC",Indore,3,2023,2025,3,2023,2025,619,3,2023,2025,575
site_5591,5591,"Manipur University, Imphal - Manipur PCB",Torban,9,2017,2025,3,2022,2024,611,3,2022,2024,364
site_1405,1405,"Nishant Ganj, Lucknow - UPPCB",Lucknow,9,2017,2025,3,2017,2019,601,0,,,0
site_5979,5979,"Collectorate Office, Virudhunagar - TNPCB",Kooraikundu,3,2023,2025,2,2024,2025,600,2,2024,2025,568
site_5985,5985,"Evelyn Lodge, Asansol - WBPCB",Asansol,2,2024,2025,2,2024,2025,573,2,2024,2025,575
site_5986,5986,"Mahabir Colliery, Asansol - WBPCB",Raniganj,2,2024,2025,2,2024,2025,557,2,2024,2025,557
site_5981,5981,"Rajiv Nagar, Vijayawada - APPCB",Payikapuram,2,2024,2025,2,2024,2025,552,2,2024,2025,649
site_5853,5853,"KHB Colony, Karwar - KSPCB",Karwar,3,2023,2025,3,2023,2025,550,3,2023,2025,549
site_5989,5989,"Botanical Garden, Howrah - WBPCB",Howrah,2,2024,2025,2,2024,2025,548,2,2024,2025,549
site_258,258,"Toll Gate, Tirumala - APPCB",Tirupati Urban,2,2016,2025,2,2016,2025,545,2,2016,2025,545
site_254,254,"Tata Stadium, Jorapokhar - JSPCB",Jorapokhar,9,2017,2025,4,2019,2025,534,9,2017,2025,1861
site_5995,5995,"Trivenidevi Bhalotia College, Asansol - WBPCB",Raniganj,2,2024,2025,2,2024,2025,527,2,2024,2025,527
site_5618,5618,"Gandhi Nagar_Ennore, Chennai - TNPCB",Ennore,9,2017,2025,4,2022,2025,511,4,2022,2025,484
site_5998,5998,"Savta Mali Nagar, Pimpri-Chinchwad - IITM",Pimpri-Chinchwad,2,2024,2025,2,2024,2025,504,2,2024,2025,504
site_5593,5593,"JN Stadium, Shillong - Meghalaya PCB",Shillong,9,2017,2025,4,2022,2025,501,4,2022,2025,446
site_5996,5996,"Panchawati_Pashan, Pune - IITM",Pune,2,2024,2025,2,2024,2025,483,2,2024,2025,481
site_6008,6008,"Mahishkapur Road_B-Zone, Durgapur - WBPCB",Durgapur,2,2024,2025,2,2024,2025,476,2,2024,2025,477
site_5410,5410,"MIT-Kothrud, Pune - IITM",Pune,9,2017,2025,3,2021,2023,457,3,2021,2023,457
site_5609,5609,"Municipal Corporation Office, Tirunelveli - TNPCB",Tirunelveli,9,2017,2025,2,2024,2025,456,2,2024,2025,481
site_5477,5477,"Town Hall - Lal Bagh, Darbhanga - BSPCB",Darbhanga,9,2017,2025,3,2021,2023,446,3,2021,2023,441
site_5630,5630,"St Joseph College, Tiruchirappalli - TNPCB",Tiruchirappalli,9,2017,2025,3,2023,2025,444,3,2023,2025,444
site_6009,6009,"Dasnagar, Howrah - WBPCB",Howrah,2,2024,2025,2,2024,2025,443,2,2024,2025,443
site_5856,5856,"Maguda Nagar, Indore - IMC",Indore,3,2023,2025,3,2023,2025,440,3,2023,2025,475
site_305,305,"Pimpleshwar Mandir, Kalyan - MPCB",Thane,2,2016,2025,2,2016,2025,437,2,2016,2025,443
site_5997,5997,"SIPCOT Industrial Park, Perundurai - TNPCB",Perundurai,2,2024,2025,2,2024,2025,427,2,2024,2025,270
site_5978,5978,"SIPCOT Nathampannai, Pudukottai - TNPCB",Nathampannai,3,2023,2025,2,2024,2025,415,2,2024,2025,415
site_5857,5857,"Airport Area, Indore - IMC",Indore,3,2023,2025,2,2024,2025,410,2,2024,2025,418
site_5610,5610,"Parisutham Nagar, Thanjavur - TNPCB",Thanjavur,9,2017,2025,2,2024,2025,406,2,2024,2025,406
site_5616,5616,"Velippalayam, Nagapattinam - TNPCB",Nagapattinam,9,2017,2025,2,2024,2025,393,2,2024,2025,394
site_5614,5614,"Uchapatti, Madurai - TNPCB",Nilaiyur,9,2017,2025,2,2024,2025,385,2,2024,2025,442
site_5433,5433,"Brahmagiri, Udupi - KSPCB",Udupi,9,2017,2025,3,2023,2025,385,5,2021,2025,1176
site_5852,5852,"New Moti Bagh, Delhi - MHUA",New Delhi,2,2023,2025,2,2023,2025,380,0,,,0
site_5787,5787,"Shri Shivaji Science College, Amravati - MPCB",Amravati,1,2025,2025,1,2025,2025,365,1,2025,2025,365
site_5375,5375,"PWD Junction, Kohima - NPCB",Kohima,1,2025,2025,1,2025,2025,362,1,2025,2025,347
site_5542,5542,"Charitra Van, Buxar - BSPCB",Buxar,1,2025,2025,1,2025,2025,360,1,2025,2025,360
site_5540,5540,"Lohiyanagar, Begusarai - BSPCB",Begusarai,1,2025,2025,1,2025,2025,356,1,2025,2025,356
site_6011,6011,"Amity University, Panchgaon - IITM",Gurugram,1,2025,2025,1,2025,2025,343,1,2025,2025,343
site_5709,5709,"Vijay Nagar Scheme-78, Indore - Glenmark",Indore,4,2017,2025,3,2023,2025,342,3,2023,2025,360
site_5627,5627,"Kamadenu Nagar, Karur - TNPCB",Karur,9,2017,2025,2,2024,2025,328,2,2024,2025,301
site_5617,5617,"VOC Nagar_SIPCOT, Ranipet - TNPCB",Ranipet,9,2017,2025,2,2024,2025,324,2,2024,2025,281
site_5115,5115,"Worli, Mumbai -MPCB",Mumbai,1,2025,2025,1,2025,2025,323,1,2025,2025,321
site_5424,5424,"Rajbagh, Srinagar - JKPCC",Srinagar,1,2025,2025,1,2025,2025,318,1,2025,2025,318
site_161,161,"Sector-6, Panchkula - HSPCB",Panchkula,2,2015,2016,1,2016,2016,309,0,,,0
site_299,299,"Womens College_City Center, Durgapur - WBPCB",Durgapur,1,2025,2025,1,2025,2025,289,1,2025,2025,289
site_6010,6010,"Police Line, Sri Vijaya Puram - ANPCC",Sri Vijaya Puram,1,2025,2025,1,2025,2025,238,1,2025,2025,127
site_6012,6012,"Dhankawadi, Pune - IITM",Pune,1,2025,2025,1,2025,2025,218,1,2025,2025,221
site_5832,5832,"Mohalbani Ghat, Pathardih - DMC",Pathardih,3,2023,2025,2,2023,2024,177,2,2023,2024,177
site_5827,5827,"Kalakusuma, Dhanbad - DMC",Dhanbad,4,2017,2025,2,2023,2024,175,2,2023,2024,210
site_6032,6032,"Ponnusamy Nagar, Namakkal - TNPCB",Pappinayakkanpatti,1,2025,2025,1,2025,2025,154,1,2025,2025,154
site_5055,5055,"General Hospital, Mandikhera(Nuh) - HSPCB",Mandikhera,1,2025,2025,1,2025,2025,114,1,2025,2025,106
site_6060,6060,"IIT Delhi, Delhi - IITM",New Delhi,1,2025,2025,1,2025,2025,31,1,2025,2025,31
site_6062,6062,"Khrew, Pampore - JKPCC",Regional,1,2025,2025,1,2025,2025,16,1,2025,2025,16
site_6061,6061,"Khunmoh, Srinagar - JKPCC",Srinagar,1,2025,2025,1,2025,2025,16,1,2025,2025,16
site_6073,6073,"Chinchpada, Ambernath - MPCB",Ambernath,1,2025,2025,0,,,0,0,,,0
site_6071,6071,"Bir, Beed - MPCB",Beed,1,2025,2025,0,,,0,0,,,0
site_165,165,"City Railway Station, Bengaluru - KSPCB",Bengaluru,11,2015,2025,0,,,0,10,2016,2025,3030
site_166,166,"Sanegurava Halli, Bengaluru - KSPCB",Bengaluru,11,2015,2025,0,,,0,10,2016,2025,2940
site_6064,6064,"Vidhyanagar, Bhavnagar - Nexteng Enviro",Bhavnagar,1,2025,2025,0,,,0,0,,,0
site_5999,5999,"15th Mile-Nongthymmai, Byrnihat - Meghalaya PCB",Byrnihat,1,2025,2025,0,,,0,0,,,0
site_1422,1422,"Dwarka-Sector 8, Delhi - DPCC",Delhi,0,,,0,,,0,0,,,0
site_6077,6077,"NSUT Jaffarpur, Delhi - DPCC",Delhi,1,2025,2025,0,,,0,0,,,0
site_6094,6094,"Pali Dungra, Mathura - UPPCB",Dhakpura,0,,,0,,,0,0,,,0
site_6086,6086,"District Court, Eluru - APPCB",Eluru,1,2025,2025,0,,,0,0,,,0
site_6096,6096,"Dadupura, Fatehpur Sikri - UPPCB",Fatehpur Sikri,0,,,0,,,0,0,,,0
site_6088,6088,"Govindpuram, Ghaziabad - UPPCB",Ghaziabad,0,,,0,,,0,0,,,0
site_6091,6091,"Ved Vihar-Loni, Ghaziabad - UPPCB",Ghaziabad,0,,,0,,,0,0,,,0
site_6084,6084,"Rajendra Nagar North, Guntur - APPCB",Guntur,1,2025,2025,0,,,0,0,,,0
site_6072,6072,"Ashta Vinayak Nagar, Hingoli - MPCB",Hingoli,1,2025,2025,0,,,0,0,,,0
site_6082,6082,"Kalu Nagar, Dombivli - MPCB",Kalyan,1,2025,2025,0,,,0,0,,,0
site_6090,6090,"New Anaj Mandi, Khairthal - RSPCB",Khairthal,0,,,0,,,0,0,,,0
site_6085,6085,"Srinivas Nagar Colony, Machilipatnam - APPCB",Machilipatnam Rural,1,2025,2025,0,,,0,0,,,0
site_6093,6093,"MIET College, Meerut - UPPCB",Meerut,0,,,0,,,0,0,,,0
site_6067,6067,"Sadanand Nagar, Mehsana - Nexteng Enviro",Mehsana,1,2025,2025,0,,,0,0,,,0
site_6087,6087,"Ambedkar Nagar, Nellore - APPCB",Nellore,0,,,0,,,0,0,,,0
site_6078,6078,"Cantonment Area, Delhi - DPCC",New Delhi,0,,,0,,,0,0,,,0
site_6079,6079,"Commonwealth Sports Complex, Delhi - DPCC",New Delhi,1,2025,2025,0,,,0,0,,,0
site_6080,6080,"IGNOU_Maidan Garhi, Delhi - DPCC",New Delhi,1,2025,2025,0,,,0,0,,,0
site_6076,6076,"JNU, Delhi - DPCC",New Delhi,1,2025,2025,0,,,0,0,,,0
site_6081,6081,"Talkatora Garden, Delhi - DPCC",New Delhi,1,2025,2025,0,,,0,0,,,0
site_6089,6089,"Prashant Garden, Khora - UPPCB",Noida,0,,,0,,,0,0,,,0
site_5406,5406,"Bhosari,Pimpri-Chinchwad - IITM",Pimpri-Chinchwad,0,,,0,,,0,0,,,0
site_5988,5988,"Bhumkar Nagar, Pimpri-Chinchwad - IITM",Pimpri-Chinchwad,0,,,0,,,0,0,,,0
site_5408,5408,"Transport Nagar-Nigdi, Pimpri-Chinchwad- IITM",Pimpri-Chinchwad,0,,,0,,,0,0,,,0
site_5405,5405,"Alandi, Pimpri-Chinchwad - IITM",Pune,0,,,0,,,0,0,,,0
site_6069,6069,"Indira Nagar, Raebareli - NTPC Unchahar",Raebareli,0,,,0,,,0,0,,,0
site_6068,6068,"Mavdi, Rajkot - Nexteng Enviro",Rajkot,0,,,0,,,0,0,,,0
site_6092,6092,"SRM University, Modinagar - UPPCB",Sadabad Jakhaiva,0,,,0,,,0,0,,,0
site_6075,6075,"Koyana Nagar, Satara - MPCB",Satara,0,,,0,,,0,0,,,0
site_6066,6066,"Katargam, Surat - Nexteng Enviro",Surat,1,2025,2025,0,,,0,0,,,0
site_5367,5367,"Meelavittan, Thoothukudi - TNPCB",Thoothukudi,9,2017,2025,0,,,0,6,2020,2025,1827
site_6063,6063,"Mahashweta Nagar, Ujjain - MPPCB",Ujjain,1,2025,2025,0,,,0,0,,,0
site_6083,6083,"Vithalwadi, Ulhasnagar - MPCB",Ulhasnagar,1,2025,2025,0,,,0,0,,,0
site_6065,6065,"Bapunagar, Vadodara - Nexteng Enviro",Vadodara,1,2025,2025,0,,,0,0,,,0
