indicatorId,cell,artifactValue,sourceValue,sourceRef,match
road.safety.fatalities.2020_2024,2020,138383,138383,"MoRTH Table 1.1, PDF p35, 2020, fatalities",True
road.safety.fatalities.2020_2024,2021,153972,153972,"MoRTH Table 1.1, PDF p35, 2021, fatalities",True
road.safety.fatalities.2020_2024,2022,168491,168491,"MoRTH Table 1.1, PDF p35, 2022, fatalities",True
road.safety.fatalities.2020_2024,2023,172890,172890,"MoRTH Table 1.1, PDF p35, 2023, fatalities",True
road.safety.fatalities.2020_2024,2024,177175,177175,"MoRTH Table 1.1, PDF p35, 2024, fatalities",True
road.safety.road_users.2024,Two-wheeler users,81780,81780,"MoRTH Table 4.4, PDF p98, Two-wheelers, 2024 deaths",True
road.safety.road_users.2024,Pedestrians,36526,36526,"MoRTH Table 4.4, PDF p98, Pedestrians, 2024 deaths",True
road.safety.road_users.2024,"Car, taxi, van and LMV occupants",21988,21988,"MoRTH Table 4.4, PDF p98, Cars, Taxis, Vans & LMVs, 2024 deaths",True
road.safety.road_users.2024,Other or unclassified,11890,11890,"MoRTH Table 4.4, PDF p98, Others (other motor vehicles, animal drawn vehicle, cycle rickshaws, hand carts, & other persons), 2024 deaths",True
road.safety.road_users.2024,Truck and lorry occupants,9687,9687,"MoRTH Table 4.4, PDF p98, Trucks / Lorries, 2024 deaths",True
road.safety.road_users.2024,Auto-rickshaw occupants,5659,5659,"MoRTH Table 4.4, PDF p98, Auto rickshaws, 2024 deaths",True
road.safety.road_users.2024,Bicyclists,4161,4161,"MoRTH Table 4.4, PDF p98, Bicycles, 2024 deaths",True
road.safety.road_users.2024,Bus occupants,3855,3855,"MoRTH Table 4.4, PDF p98, Buses, 2024 deaths",True
road.safety.road_users.2024,Other non-motor vehicle users,1629,1629,"MoRTH Table 4.4, PDF p98, Other non-motor vehicles (including e-rickshaw), 2024 deaths",True
road.safety.ages.2024,Under 18,10117,10117,"MoRTH Table 4.2, PDF p92, Less than 18, 2024 deaths",True
road.safety.ages.2024,18–25,34154,34154,"MoRTH Table 4.2, PDF p92, 18-25, 2024 deaths",True
road.safety.ages.2024,25–35,44581,44581,"MoRTH Table 4.2, PDF p92, 25-35, 2024 deaths",True
road.safety.ages.2024,35–45,38291,38291,"MoRTH Table 4.2, PDF p92, 35-45, 2024 deaths",True
road.safety.ages.2024,45–60,30560,30560,"MoRTH Table 4.2, PDF p92, 45-60, 2024 deaths",True
road.safety.ages.2024,Over 60,14767,14767,"MoRTH Table 4.2, PDF p92, Above 60, 2024 deaths",True
road.safety.ages.2024,Age unknown,4705,4705,"MoRTH Table 4.2, PDF p92, Age not known, 2024 deaths",True
road.safety.road_categories.2024,National highways,64772,64772,"MoRTH Table 2.1, PDF p54, National Highways, 2024 deaths",True
road.safety.road_categories.2024,State highways,39277,39277,"MoRTH Table 2.1, PDF p54, State Highways, 2024 deaths",True
road.safety.road_categories.2024,Other roads,73126,73126,"MoRTH Table 2.1, PDF p54, Other roads, 2024 deaths",True
road.safety.who_reported_estimated.2021,Reported fatalities,153972,153972,"WHO India country profile, PDF p1, Burden, 2021",True
road.safety.who_reported_estimated.2021,WHO estimate,216618,216618,"WHO India country profile, PDF p1, Burden, 2021",True
road.safety.road_users.2024,2024 category sum,177175,177175,"MoRTH Table 1.1, PDF p35, 2024 fatalities",True
road.safety.ages.2024,2024 category sum,177175,177175,"MoRTH Table 1.1, PDF p35, 2024 fatalities",True
road.safety.road_categories.2024,2024 category sum,177175,177175,"MoRTH Table 1.1, PDF p35, 2024 fatalities",True
