indicatorId,cell,artifactValue,sourceValue,sourceRef,checkKind,match
road.pedestrian.deaths.2023_2024,2023,35221,35221,"MoRTH Table 4.4, PDF p98, Pedestrians, 2023",plotted,True
road.pedestrian.deaths.2023_2024,2024,36526,36526,"MoRTH Table 4.4, PDF p98, Pedestrians, 2024",plotted,True
road.pedestrian.ages.2024,Under 18,1888,1888,"MoRTH Annexure 33, original scan PDF p222, total row male + female",plotted,True
road.pedestrian.ages.2024,18–25,4333,4333,"MoRTH Annexure 33, original scan PDF p222, total row male + female",plotted,True
road.pedestrian.ages.2024,25–35,7281,7281,"MoRTH Annexure 33, original scan PDF p222, total row male + female",plotted,True
road.pedestrian.ages.2024,35–45,7636,7636,"MoRTH Annexure 33, original scan PDF p222, total row male + female",plotted,True
road.pedestrian.ages.2024,45–60,8436,8436,"MoRTH Annexure 33, original scan PDF p222, total row male + female",plotted,True
road.pedestrian.ages.2024,60 and over,6160,6160,"MoRTH Annexure 33, original scan PDF p222, total row male + female",plotted,True
road.pedestrian.ages.2024,Age unknown,792,792,"MoRTH Annexure 33, original scan PDF p222, total row male + female",plotted,True
road.pedestrian.sex.2024,Male,29055,29055,"MoRTH Annexure 33, original scan PDF p222, total row",plotted,True
road.pedestrian.sex.2024,Female,7471,7471,"MoRTH Annexure 33, original scan PDF p222, total row",plotted,True
road.pedestrian.share_of_sex_deaths.2024,Male,19.1,19.1,MoRTH Annexure 33 PDF p222 numerator; Table 4.3 PDF p93 denominator,plotted,True
road.pedestrian.share_of_sex_deaths.2024,Male numerator,29055,29055,MoRTH Annexure 33 PDF p222,calculation,True
road.pedestrian.share_of_sex_deaths.2024,Male denominator,151950,151950,MoRTH Table 4.3 PDF p93,calculation,True
road.pedestrian.share_of_sex_deaths.2024,Female,29.6,29.6,MoRTH Annexure 33 PDF p222 numerator; Table 4.3 PDF p93 denominator,plotted,True
road.pedestrian.share_of_sex_deaths.2024,Female numerator,7471,7471,MoRTH Annexure 33 PDF p222,calculation,True
road.pedestrian.share_of_sex_deaths.2024,Female denominator,25225,25225,MoRTH Table 4.3 PDF p93,calculation,True
road.pedestrian.share_of_age_deaths.2024,Under 18,18.7,18.7,MoRTH Annexure 33 PDF p222 numerator; Table 4.2 PDF p92 denominator,plotted,True
road.pedestrian.share_of_age_deaths.2024,Under 18 numerator,1888,1888,MoRTH Annexure 33 PDF p222,calculation,True
road.pedestrian.share_of_age_deaths.2024,Under 18 denominator,10117,10117,MoRTH Table 4.2 PDF p92,calculation,True
road.pedestrian.share_of_age_deaths.2024,18–25,12.7,12.7,MoRTH Annexure 33 PDF p222 numerator; Table 4.2 PDF p92 denominator,plotted,True
road.pedestrian.share_of_age_deaths.2024,18–25 numerator,4333,4333,MoRTH Annexure 33 PDF p222,calculation,True
road.pedestrian.share_of_age_deaths.2024,18–25 denominator,34154,34154,MoRTH Table 4.2 PDF p92,calculation,True
road.pedestrian.share_of_age_deaths.2024,25–35,16.3,16.3,MoRTH Annexure 33 PDF p222 numerator; Table 4.2 PDF p92 denominator,plotted,True
road.pedestrian.share_of_age_deaths.2024,25–35 numerator,7281,7281,MoRTH Annexure 33 PDF p222,calculation,True
road.pedestrian.share_of_age_deaths.2024,25–35 denominator,44581,44581,MoRTH Table 4.2 PDF p92,calculation,True
road.pedestrian.share_of_age_deaths.2024,35–45,19.9,19.9,MoRTH Annexure 33 PDF p222 numerator; Table 4.2 PDF p92 denominator,plotted,True
road.pedestrian.share_of_age_deaths.2024,35–45 numerator,7636,7636,MoRTH Annexure 33 PDF p222,calculation,True
road.pedestrian.share_of_age_deaths.2024,35–45 denominator,38291,38291,MoRTH Table 4.2 PDF p92,calculation,True
road.pedestrian.share_of_age_deaths.2024,45–60,27.6,27.6,MoRTH Annexure 33 PDF p222 numerator; Table 4.2 PDF p92 denominator,plotted,True
road.pedestrian.share_of_age_deaths.2024,45–60 numerator,8436,8436,MoRTH Annexure 33 PDF p222,calculation,True
road.pedestrian.share_of_age_deaths.2024,45–60 denominator,30560,30560,MoRTH Table 4.2 PDF p92,calculation,True
road.pedestrian.share_of_age_deaths.2024,60 and over,41.7,41.7,MoRTH Annexure 33 PDF p222 numerator; Table 4.2 PDF p92 denominator,plotted,True
road.pedestrian.share_of_age_deaths.2024,60 and over numerator,6160,6160,MoRTH Annexure 33 PDF p222,calculation,True
road.pedestrian.share_of_age_deaths.2024,60 and over denominator,14767,14767,MoRTH Table 4.2 PDF p92,calculation,True
road.pedestrian.share_of_age_deaths.2024,Age unknown,16.8,16.8,MoRTH Annexure 33 PDF p222 numerator; Table 4.2 PDF p92 denominator,plotted,True
road.pedestrian.share_of_age_deaths.2024,Age unknown numerator,792,792,MoRTH Annexure 33 PDF p222,calculation,True
road.pedestrian.share_of_age_deaths.2024,Age unknown denominator,4705,4705,MoRTH Table 4.2 PDF p92,calculation,True
road.safety.pedestrian_impact.2024,Bicycles,76,76,"MoRTH Table 4.5, PDF p100, Pedestrians, column 1",plotted,True
road.safety.pedestrian_impact.2024,Two-wheelers,10378,10378,"MoRTH Table 4.5, PDF p100, Pedestrians, column 2",plotted,True
road.safety.pedestrian_impact.2024,Auto-rickshaws,1256,1256,"MoRTH Table 4.5, PDF p100, Pedestrians, column 3",plotted,True
road.safety.pedestrian_impact.2024,"Cars, taxis, vans and LMVs",9302,9302,"MoRTH Table 4.5, PDF p100, Pedestrians, column 4",plotted,True
road.safety.pedestrian_impact.2024,Trucks and lorries,5165,5165,"MoRTH Table 4.5, PDF p100, Pedestrians, column 5",plotted,True
road.safety.pedestrian_impact.2024,Buses,2257,2257,"MoRTH Table 4.5, PDF p100, Pedestrians, column 6",plotted,True
road.safety.pedestrian_impact.2024,Other non-motor vehicles,235,235,"MoRTH Table 4.5, PDF p100, Pedestrians, column 7",plotted,True
road.safety.pedestrian_impact.2024,Other or unclassified,7857,7857,"MoRTH Table 4.5, PDF p100, Pedestrians, column 8",plotted,True
road.pedestrian.state_reconciliation,andhra pradesh,1739,1739,MoRTH original scan Annexure 29(a) PDF p210 vs independent Annexure 33 PDF p222,cross-check,True
road.pedestrian.state_reconciliation,arunachal pradesh,1,1,MoRTH original scan Annexure 29(a) PDF p210 vs independent Annexure 33 PDF p222,cross-check,True
road.pedestrian.state_reconciliation,assam,877,877,MoRTH original scan Annexure 29(a) PDF p210 vs independent Annexure 33 PDF p222,cross-check,True
road.pedestrian.state_reconciliation,bihar,4149,4149,MoRTH original scan Annexure 29(a) PDF p210 vs independent Annexure 33 PDF p222,cross-check,True
road.pedestrian.state_reconciliation,chhattisgarh,1018,1018,MoRTH original scan Annexure 29(a) PDF p210 vs independent Annexure 33 PDF p222,cross-check,True
road.pedestrian.state_reconciliation,goa,42,42,MoRTH original scan Annexure 29(a) PDF p210 vs independent Annexure 33 PDF p222,cross-check,True
road.pedestrian.state_reconciliation,gujarat,1747,1747,MoRTH original scan Annexure 29(a) PDF p210 vs independent Annexure 33 PDF p222,cross-check,True
road.pedestrian.state_reconciliation,haryana,866,866,MoRTH original scan Annexure 29(a) PDF p210 vs independent Annexure 33 PDF p222,cross-check,True
road.pedestrian.state_reconciliation,himachal pradesh,185,185,MoRTH original scan Annexure 29(a) PDF p210 vs independent Annexure 33 PDF p222,cross-check,True
road.pedestrian.state_reconciliation,jharkhand,702,702,MoRTH original scan Annexure 29(a) PDF p210 vs independent Annexure 33 PDF p222,cross-check,True
road.pedestrian.state_reconciliation,karnataka,2321,2321,MoRTH original scan Annexure 29(a) PDF p210 vs independent Annexure 33 PDF p222,cross-check,True
road.pedestrian.state_reconciliation,kerala,1058,1058,MoRTH original scan Annexure 29(a) PDF p210 vs independent Annexure 33 PDF p222,cross-check,True
road.pedestrian.state_reconciliation,madhya pradesh,1928,1928,MoRTH original scan Annexure 29(a) PDF p210 vs independent Annexure 33 PDF p222,cross-check,True
road.pedestrian.state_reconciliation,maharashtra,3344,3344,MoRTH original scan Annexure 29(a) PDF p210 vs independent Annexure 33 PDF p222,cross-check,True
road.pedestrian.state_reconciliation,manipur,20,20,MoRTH original scan Annexure 29(a) PDF p210 vs independent Annexure 33 PDF p222,cross-check,True
road.pedestrian.state_reconciliation,meghalaya,58,58,MoRTH original scan Annexure 29(a) PDF p210 vs independent Annexure 33 PDF p222,cross-check,True
road.pedestrian.state_reconciliation,mizoram,20,20,MoRTH original scan Annexure 29(a) PDF p210 vs independent Annexure 33 PDF p222,cross-check,True
road.pedestrian.state_reconciliation,nagaland,9,9,MoRTH original scan Annexure 29(a) PDF p210 vs independent Annexure 33 PDF p222,cross-check,True
road.pedestrian.state_reconciliation,odisha,735,735,MoRTH original scan Annexure 29(a) PDF p210 vs independent Annexure 33 PDF p222,cross-check,True
road.pedestrian.state_reconciliation,punjab,746,746,MoRTH original scan Annexure 29(a) PDF p210 vs independent Annexure 33 PDF p222,cross-check,True
road.pedestrian.state_reconciliation,rajasthan,2042,2042,MoRTH original scan Annexure 29(a) PDF p210 vs independent Annexure 33 PDF p222,cross-check,True
road.pedestrian.state_reconciliation,sikkim,7,7,MoRTH original scan Annexure 29(a) PDF p210 vs independent Annexure 33 PDF p222,cross-check,True
road.pedestrian.state_reconciliation,tamil nadu,4712,4712,MoRTH original scan Annexure 29(a) PDF p210 vs independent Annexure 33 PDF p222,cross-check,True
road.pedestrian.state_reconciliation,telangana,1586,1586,MoRTH original scan Annexure 29(a) PDF p210 vs independent Annexure 33 PDF p222,cross-check,True
road.pedestrian.state_reconciliation,tripura,75,75,MoRTH original scan Annexure 29(a) PDF p210 vs independent Annexure 33 PDF p222,cross-check,True
road.pedestrian.state_reconciliation,uttarakhand,303,303,MoRTH original scan Annexure 29(a) PDF p210 vs independent Annexure 33 PDF p222,cross-check,True
road.pedestrian.state_reconciliation,uttar pradesh,2131,2131,MoRTH original scan Annexure 29(a) PDF p210 vs independent Annexure 33 PDF p222,cross-check,True
road.pedestrian.state_reconciliation,west bengal,3241,3241,MoRTH original scan Annexure 29(a) PDF p210 vs independent Annexure 33 PDF p222,cross-check,True
road.pedestrian.state_reconciliation,a & n islands,8,8,MoRTH original scan Annexure 29(a) PDF p210 vs independent Annexure 33 PDF p222,cross-check,True
road.pedestrian.state_reconciliation,chandigarh,28,28,MoRTH original scan Annexure 29(a) PDF p210 vs independent Annexure 33 PDF p222,cross-check,True
road.pedestrian.state_reconciliation,d & n haveli and daman & diu,24,24,MoRTH original scan Annexure 29(a) PDF p210 vs independent Annexure 33 PDF p222,cross-check,True
road.pedestrian.state_reconciliation,delhi,584,584,MoRTH original scan Annexure 29(a) PDF p210 vs independent Annexure 33 PDF p222,cross-check,True
road.pedestrian.state_reconciliation,jammu & kashmir,144,144,MoRTH original scan Annexure 29(a) PDF p210 vs independent Annexure 33 PDF p222,cross-check,True
road.pedestrian.state_reconciliation,ladakh,4,4,MoRTH original scan Annexure 29(a) PDF p210 vs independent Annexure 33 PDF p222,cross-check,True
road.pedestrian.state_reconciliation,lakshadweep,0,0,MoRTH original scan Annexure 29(a) PDF p210 vs independent Annexure 33 PDF p222,cross-check,True
road.pedestrian.state_reconciliation,puducherry,72,72,MoRTH original scan Annexure 29(a) PDF p210 vs independent Annexure 33 PDF p222,cross-check,True
road.pedestrian.states_top_ten.2024,Tamil Nadu,4712,4712,"MoRTH Annexure 29(a), original scan PDF p210, state total",plotted,True
road.pedestrian.states_top_ten.2024,Bihar,4149,4149,"MoRTH Annexure 29(a), original scan PDF p210, state total",plotted,True
road.pedestrian.states_top_ten.2024,Maharashtra,3344,3344,"MoRTH Annexure 29(a), original scan PDF p210, state total",plotted,True
road.pedestrian.states_top_ten.2024,West Bengal,3241,3241,"MoRTH Annexure 29(a), original scan PDF p210, state total",plotted,True
road.pedestrian.states_top_ten.2024,Karnataka,2321,2321,"MoRTH Annexure 29(a), original scan PDF p210, state total",plotted,True
road.pedestrian.states_top_ten.2024,Uttar Pradesh,2131,2131,"MoRTH Annexure 29(a), original scan PDF p210, state total",plotted,True
road.pedestrian.states_top_ten.2024,Rajasthan,2042,2042,"MoRTH Annexure 29(a), original scan PDF p210, state total",plotted,True
road.pedestrian.states_top_ten.2024,Madhya Pradesh,1928,1928,"MoRTH Annexure 29(a), original scan PDF p210, state total",plotted,True
road.pedestrian.states_top_ten.2024,Gujarat,1747,1747,"MoRTH Annexure 29(a), original scan PDF p210, state total",plotted,True
road.pedestrian.states_top_ten.2024,Andhra Pradesh,1739,1739,"MoRTH Annexure 29(a), original scan PDF p210, state total",plotted,True
road.pedestrian.share_of_state_deaths.2024,Tamil Nadu,25.5,25.5,MoRTH Annexure 29(a) PDF p210 / Table 5.6 PDF p110,plotted,True
road.pedestrian.share_of_state_deaths.2024,Tamil Nadu numerator,4712,4712,MoRTH Annexure 29(a) original scan PDF p210,calculation,True
road.pedestrian.share_of_state_deaths.2024,Tamil Nadu denominator,18449,18449,MoRTH Table 5.6 PDF p110,calculation,True
road.pedestrian.share_of_state_deaths.2024,Bihar,44.4,44.4,MoRTH Annexure 29(a) PDF p210 / Table 5.6 PDF p109,plotted,True
road.pedestrian.share_of_state_deaths.2024,Bihar numerator,4149,4149,MoRTH Annexure 29(a) original scan PDF p210,calculation,True
road.pedestrian.share_of_state_deaths.2024,Bihar denominator,9347,9347,MoRTH Table 5.6 PDF p109,calculation,True
road.pedestrian.share_of_state_deaths.2024,Maharashtra,21.3,21.3,MoRTH Annexure 29(a) PDF p210 / Table 5.6 PDF p110,plotted,True
road.pedestrian.share_of_state_deaths.2024,Maharashtra numerator,3344,3344,MoRTH Annexure 29(a) original scan PDF p210,calculation,True
road.pedestrian.share_of_state_deaths.2024,Maharashtra denominator,15715,15715,MoRTH Table 5.6 PDF p110,calculation,True
road.pedestrian.share_of_state_deaths.2024,West Bengal,48.5,48.5,MoRTH Annexure 29(a) PDF p210 / Table 5.6 PDF p110,plotted,True
road.pedestrian.share_of_state_deaths.2024,West Bengal numerator,3241,3241,MoRTH Annexure 29(a) original scan PDF p210,calculation,True
road.pedestrian.share_of_state_deaths.2024,West Bengal denominator,6676,6676,MoRTH Table 5.6 PDF p110,calculation,True
road.pedestrian.share_of_state_deaths.2024,Karnataka,18.7,18.7,MoRTH Annexure 29(a) PDF p210 / Table 5.6 PDF p110,plotted,True
road.pedestrian.share_of_state_deaths.2024,Karnataka numerator,2321,2321,MoRTH Annexure 29(a) original scan PDF p210,calculation,True
road.pedestrian.share_of_state_deaths.2024,Karnataka denominator,12390,12390,MoRTH Table 5.6 PDF p110,calculation,True
road.pedestrian.share_of_state_deaths.2024,Uttar Pradesh,8.8,8.8,MoRTH Annexure 29(a) PDF p210 / Table 5.6 PDF p110,plotted,True
road.pedestrian.share_of_state_deaths.2024,Uttar Pradesh numerator,2131,2131,MoRTH Annexure 29(a) original scan PDF p210,calculation,True
road.pedestrian.share_of_state_deaths.2024,Uttar Pradesh denominator,24118,24118,MoRTH Table 5.6 PDF p110,calculation,True
road.pedestrian.share_of_state_deaths.2024,Rajasthan,17.3,17.3,MoRTH Annexure 29(a) PDF p210 / Table 5.6 PDF p110,plotted,True
road.pedestrian.share_of_state_deaths.2024,Rajasthan numerator,2042,2042,MoRTH Annexure 29(a) original scan PDF p210,calculation,True
road.pedestrian.share_of_state_deaths.2024,Rajasthan denominator,11790,11790,MoRTH Table 5.6 PDF p110,calculation,True
road.pedestrian.share_of_state_deaths.2024,Madhya Pradesh,13.0,13.0,MoRTH Annexure 29(a) PDF p210 / Table 5.6 PDF p110,plotted,True
road.pedestrian.share_of_state_deaths.2024,Madhya Pradesh numerator,1928,1928,MoRTH Annexure 29(a) original scan PDF p210,calculation,True
road.pedestrian.share_of_state_deaths.2024,Madhya Pradesh denominator,14791,14791,MoRTH Table 5.6 PDF p110,calculation,True
road.pedestrian.share_of_state_deaths.2024,Gujarat,22.6,22.6,MoRTH Annexure 29(a) PDF p210 / Table 5.6 PDF p110,plotted,True
road.pedestrian.share_of_state_deaths.2024,Gujarat numerator,1747,1747,MoRTH Annexure 29(a) original scan PDF p210,calculation,True
road.pedestrian.share_of_state_deaths.2024,Gujarat denominator,7717,7717,MoRTH Table 5.6 PDF p110,calculation,True
road.pedestrian.share_of_state_deaths.2024,Andhra Pradesh,20.8,20.8,MoRTH Annexure 29(a) PDF p210 / Table 5.6 PDF p109,plotted,True
road.pedestrian.share_of_state_deaths.2024,Andhra Pradesh numerator,1739,1739,MoRTH Annexure 29(a) original scan PDF p210,calculation,True
road.pedestrian.share_of_state_deaths.2024,Andhra Pradesh denominator,8346,8346,MoRTH Table 5.6 PDF p109,calculation,True
road.pedestrian.national_highways.2024,National highways,11386,11386,"MoRTH Table 2.11, PDF p68, Pedestrians, 2024 deaths",plotted,True
road.pedestrian.national_highways.2024,Other roads combined,25140,25140,MoRTH Table 4.4 PDF p98 minus Table 2.11 PDF p68,plotted,True
road.safety.road_users.2024,Two-wheeler users,81780,81780,"MoRTH Table 4.4, PDF p98, Two-wheelers, 2024 deaths; prior audited artifact",plotted,True
road.safety.road_users.2024,Pedestrians,36526,36526,"MoRTH Table 4.4, PDF p98, Pedestrians, 2024 deaths; prior audited artifact",plotted,True
road.safety.road_users.2024,"Car, taxi, van and LMV occupants",21988,21988,"MoRTH Table 4.4, PDF p98, Cars, Taxis, Vans & LMVs, 2024 deaths; prior audited artifact",plotted,True
road.safety.road_users.2024,Other or unclassified,11890,11890,"MoRTH Table 4.4, PDF p98, Others (other motor vehicles, animal drawn vehicle, cycle rickshaws, hand carts, & other persons), 2024 deaths; prior audited artifact",plotted,True
road.safety.road_users.2024,Truck and lorry occupants,9687,9687,"MoRTH Table 4.4, PDF p98, Trucks / Lorries, 2024 deaths; prior audited artifact",plotted,True
road.safety.road_users.2024,Auto-rickshaw occupants,5659,5659,"MoRTH Table 4.4, PDF p98, Auto rickshaws, 2024 deaths; prior audited artifact",plotted,True
road.safety.road_users.2024,Bicyclists,4161,4161,"MoRTH Table 4.4, PDF p98, Bicycles, 2024 deaths; prior audited artifact",plotted,True
road.safety.road_users.2024,Bus occupants,3855,3855,"MoRTH Table 4.4, PDF p98, Buses, 2024 deaths; prior audited artifact",plotted,True
road.safety.road_users.2024,Other non-motor vehicle users,1629,1629,"MoRTH Table 4.4, PDF p98, Other non-motor vehicles (including e-rickshaw), 2024 deaths; prior audited artifact",plotted,True
road.pedestrian.partitions,pedestrian ages,36526,36526,"MoRTH Table 4.4 PDF p98, 2024 pedestrian total",cross-check,True
road.pedestrian.partitions,pedestrian sex,36526,36526,"MoRTH Table 4.4 PDF p98, 2024 pedestrian total",cross-check,True
road.pedestrian.partitions,impacting vehicle,36526,36526,"MoRTH Table 4.4 PDF p98, 2024 pedestrian total",cross-check,True
road.pedestrian.partitions,state annexure,36526,36526,"MoRTH Table 4.4 PDF p98, 2024 pedestrian total",cross-check,True
road.pedestrian.partitions,national-highway split,36526,36526,"MoRTH Table 4.4 PDF p98, 2024 pedestrian total",cross-check,True
